month_end,equity_end,return_pct,max_dd_pct,worst_day_pct,n_trades,wr_pct,obj_m,obj_dd,obj_tpm,passes,tf
2016-03,99619.7917,-0.3802,-0.3802,-0.3802,1,0.0000,False,True,False,False,1D
2016-04,98740.2059,-0.8829,-0.8829,-0.8829,2,0.0000,False,True,False,False,1D
2016-05,89871.5638,-8.9818,-10.0264,-4.0077,29,10.3448,False,False,True,False,1D
2016-06,93722.8360,4.2853,0.0000,0.0000,9,100.0000,True,True,True,True,1D
2016-07,96268.0532,2.7157,0.0000,0.0000,6,100.0000,True,True,False,False,1D
2016-08,89709.4014,-6.8129,-6.8129,-2.4401,16,0.0000,False,True,True,False,1D
2016-09,88024.4214,-1.8783,-1.8783,-1.3885,4,0.0000,False,True,False,False,1D
2016-10,82688.3180,-6.0621,-6.0621,-6.0621,14,0.0000,False,True,True,False,1D
2016-11,82688.3180,0.0000,0.0000,0.0000,0,0.0000,False,True,False,False,1D
2016-12,82688.3180,0.0000,0.0000,0.0000,0,0.0000,False,True,False,False,1D
2017-01,82990.8527,0.3659,0.0000,0.0000,1,100.0000,False,True,False,False,1D
2017-02,83361.4577,0.4466,0.0000,0.0000,1,100.0000,False,True,False,False,1D
2017-03,83605.1666,0.2924,0.0000,0.0000,1,100.0000,False,True,False,False,1D
2017-04,82981.4182,-0.7461,-0.7461,-0.7461,2,0.0000,False,True,False,False,1D
2017-05,82668.9893,-0.3765,0.0000,-0.3765,1,0.0000,False,True,False,False,1D
2017-06,82668.9893,0.0000,0.0000,0.0000,0,0.0000,False,True,False,False,1D
2017-07,82668.9893,0.0000,0.0000,0.0000,0,0.0000,False,True,False,False,1D
2017-08,83371.2655,0.8495,0.0000,0.0000,2,100.0000,False,True,False,False,1D
2017-09,83556.1102,0.2217,-1.8330,-0.7366,11,45.4545,False,True,True,False,1D
2017-10,82306.8865,-1.4951,-1.4951,-0.3803,4,0.0000,False,True,False,False,1D
2017-11,82306.8865,0.0000,0.0000,0.0000,0,0.0000,False,True,False,False,1D
2017-12,81682.2215,-0.7589,-0.7589,-0.3882,2,0.0000,False,True,False,False,1D
2018-01,81682.2215,0.0000,0.0000,0.0000,0,0.0000,False,True,False,False,1D
2018-02,81372.2619,-0.3795,-0.3795,-0.3795,1,0.0000,False,True,False,False,1D
2018-03,77200.5306,-5.1267,-5.1267,-4.6591,12,0.0000,False,True,True,False,1D
2018-04,76895.8163,-0.3947,-0.3947,-0.3947,1,0.0000,False,True,False,False,1D
2018-05,76895.8163,0.0000,0.0000,0.0000,0,0.0000,False,True,False,False,1D
2018-06,76895.8163,0.0000,0.0000,0.0000,0,0.0000,False,True,False,False,1D
2018-07,76900.6573,0.0063,-0.3733,-0.3733,2,50.0000,False,True,False,False,1D
2018-08,80741.0026,4.9939,-0.1495,-0.1495,20,85.0000,True,True,True,True,1D
2018-09,80741.0026,0.0000,0.0000,0.0000,0,0.0000,False,True,False,False,1D
2018-10,76041.1577,-5.8209,-5.8209,-4.9820,14,0.0000,False,True,True,False,1D
2018-11,75481.4278,-0.7361,-0.3671,-0.3703,2,0.0000,False,True,False,False,1D
2018-12,72536.7343,-3.9012,-3.9012,-2.5352,9,0.0000,False,True,True,False,1D
2019-01,72536.7343,0.0000,0.0000,0.0000,0,0.0000,False,True,False,False,1D
2019-02,72536.7343,0.0000,0.0000,0.0000,0,0.0000,False,True,False,False,1D
2019-03,71993.4269,-0.7490,-0.3763,-0.3763,2,0.0000,False,True,False,False,1D
2019-04,71179.6089,-1.1304,-1.1304,-0.7590,3,0.0000,False,True,False,False,1D
2019-05,70381.7579,-1.1209,-1.1209,-0.7503,3,0.0000,False,True,False,False,1D
2019-06,73091.2846,3.8498,-0.3829,-0.7608,15,80.0000,True,True,True,True,1D
2019-07,73482.3277,0.5350,0.0000,0.0000,5,80.0000,False,True,False,False,1D
2019-08,76024.3118,3.4593,0.0000,-0.5896,13,76.9231,True,True,True,True,1D
2019-09,72468.6309,-4.6770,-4.9715,-3.6346,18,16.6667,False,True,True,False,1D
2019-10,71619.7219,-1.1714,0.0000,-1.1714,3,0.0000,False,True,False,False,1D
2019-11,68509.2633,-4.3430,-4.3430,-2.2489,10,0.0000,False,True,True,False,1D
2019-12,68509.2633,0.0000,0.0000,0.0000,0,0.0000,False,True,False,False,1D
2020-01,68509.2633,0.0000,0.0000,0.0000,0,0.0000,False,True,False,False,1D
2020-02,74064.9506,8.1094,-1.7629,-1.7629,37,70.2703,True,True,True,True,1D
2020-03,72609.9690,-1.9645,-1.9645,-1.5961,5,0.0000,False,True,False,False,1D
2020-04,72609.9690,0.0000,0.0000,0.0000,0,0.0000,False,True,False,False,1D
2020-05,71249.3616,-1.8739,-1.8739,-0.7872,5,0.0000,False,True,False,False,1D
2020-06,69097.9023,-3.0196,-2.6370,-1.2709,7,0.0000,False,True,True,False,1D
2020-07,88816.5199,28.5372,0.0000,0.0000,56,100.0000,True,True,True,True,1D
2020-08,103162.4728,16.1523,-0.4816,-0.4816,50,80.0000,True,True,True,True,1D
2020-09,98156.1862,-4.8528,-4.8528,-2.9011,12,0.0000,False,True,True,False,1D
2020-10,94109.5176,-4.1227,-4.1227,-2.7690,9,0.0000,False,True,True,False,1D
2020-11,85970.9893,-8.6479,-8.6479,-5.0030,20,0.0000,False,False,True,False,1D
2020-12,85970.9893,0.0000,0.0000,0.0000,0,0.0000,False,True,False,False,1D
2021-01,85635.3018,-0.3905,-0.3905,-0.3905,1,0.0000,False,True,False,False,1D
2021-02,85635.3018,0.0000,0.0000,0.0000,0,0.0000,False,True,False,False,1D
2021-03,85635.3018,0.0000,0.0000,0.0000,0,0.0000,False,True,False,False,1D
2021-04,83276.8011,-2.7541,-2.7541,-2.0125,7,0.0000,False,True,True,False,1D
2021-05,82341.1165,-1.1236,-1.1236,-0.7546,3,0.0000,False,True,False,False,1D
2021-06,81423.9643,-1.1138,-1.1138,-1.1138,3,0.0000,False,True,False,False,1D
2021-07,80525.6546,-1.1032,-1.1032,-0.3745,3,0.0000,False,True,False,False,1D
2021-08,80213.8916,-0.3872,-1.1193,-1.1193,5,40.0000,False,True,False,False,1D
2021-09,78725.1021,-1.8560,-1.8560,-1.1066,7,0.0000,False,True,True,False,1D
2021-10,78049.4978,-0.8582,-0.8582,-0.8582,2,0.0000,False,True,False,False,1D
2021-11,77666.7945,-0.4903,-1.2542,-0.5150,5,40.0000,False,True,False,False,1D
2021-12,77666.7945,0.0000,0.0000,0.0000,0,0.0000,False,True,False,False,1D
2022-01,76804.3097,-1.1105,-1.1105,-0.7366,3,0.0000,False,True,False,False,1D
2022-02,77534.6166,0.9509,0.0000,0.0000,2,100.0000,False,True,False,False,1D
2022-03,78726.9545,1.5378,0.0000,0.0000,2,100.0000,False,True,False,False,1D
2022-04,78726.9545,0.0000,0.0000,0.0000,0,0.0000,False,True,False,False,1D
2022-05,78726.9545,0.0000,0.0000,0.0000,0,0.0000,False,True,False,False,1D
2022-06,78726.9545,0.0000,0.0000,0.0000,0,0.0000,False,True,False,False,1D
2022-07,77849.1753,-1.1150,-1.1150,-0.3835,3,0.0000,False,True,False,False,1D
2022-08,77261.3177,-0.7551,-0.7551,-0.3822,2,0.0000,False,True,False,False,1D
2022-09,77261.3177,0.0000,0.0000,0.0000,0,0.0000,False,True,False,False,1D
2022-10,77261.3177,0.0000,0.0000,0.0000,0,0.0000,False,True,False,False,1D
2022-11,77624.4899,0.4701,-0.3760,-0.3760,3,66.6667,False,True,False,False,1D
2022-12,76780.3155,-1.0875,-0.3650,-0.7251,3,0.0000,False,True,False,False,1D
2023-01,76926.7427,0.1907,-0.3698,-1.5558,11,45.4545,False,True,True,False,1D
2023-02,77158.3063,0.3010,0.0000,-0.3601,3,66.6667,False,True,False,False,1D
2023-03,75980.4895,-1.5265,-1.1583,-0.3981,4,0.0000,False,True,False,False,1D
2023-04,75980.4895,0.0000,0.0000,0.0000,0,0.0000,False,True,False,False,1D
2023-05,75709.2551,-0.3570,-0.3570,-0.3570,1,0.0000,False,True,False,False,1D
2023-06,75709.2551,0.0000,0.0000,0.0000,0,0.0000,False,True,False,False,1D
2023-07,75429.0819,-0.3701,-0.3701,-0.3701,1,0.0000,False,True,False,False,1D
2023-08,74562.7187,-1.1486,-1.1486,-0.3852,3,0.0000,False,True,False,False,1D
2023-09,74562.7187,0.0000,0.0000,0.0000,0,0.0000,False,True,False,False,1D
2023-10,74562.7187,0.0000,0.0000,0.0000,0,0.0000,False,True,False,False,1D
2023-11,74282.4586,-0.3759,-0.3759,-0.3759,1,0.0000,False,True,False,False,1D
2023-12,74282.4586,0.0000,0.0000,0.0000,0,0.0000,False,True,False,False,1D
2024-01,74282.4586,0.0000,0.0000,0.0000,0,0.0000,False,True,False,False,1D
2024-02,74282.4586,0.0000,0.0000,0.0000,0,0.0000,False,True,False,False,1D
2024-03,78017.2980,5.0279,0.0000,0.0000,11,100.0000,True,True,True,True,1D
2024-04,91725.9492,17.5713,0.0000,0.0000,37,100.0000,True,True,True,True,1D
2024-05,90918.3088,-0.8805,-0.8805,-0.4908,4,25.0000,False,True,False,False,1D
2024-06,90587.3952,-0.3640,-0.3640,-0.3640,2,0.0000,False,True,False,False,1D
2024-07,90914.8663,0.3615,0.0000,0.0000,1,100.0000,False,True,False,False,1D
2024-08,91993.7272,1.1867,-0.3778,-0.3778,5,80.0000,False,True,False,False,1D
2024-09,96526.1527,4.9269,-0.3721,-0.3919,16,87.5000,True,True,True,True,1D
2024-10,101429.9531,5.0803,-0.7646,-0.7646,15,86.6667,True,True,True,True,1D
2024-11,103646.8706,2.1857,-0.8271,-0.4900,19,63.1579,True,True,True,True,1D
2024-12,101739.2726,-1.8405,-1.8405,-1.1176,5,0.0000,False,True,False,False,1D
2025-01,109590.0377,7.7166,0.0000,0.0000,15,100.0000,True,True,True,True,1D
2025-02,125858.8496,14.8452,0.0000,0.0000,44,88.6364,True,True,True,True,1D
2025-03,137108.2874,8.9381,0.0000,0.0000,22,100.0000,True,True,True,True,1D
2025-04,147670.1733,7.7033,-0.7819,-0.7819,41,73.1707,True,True,True,True,1D
2025-05,145275.4760,-1.6217,-1.7382,-0.9121,10,30.0000,False,True,True,False,1D
2025-06,144234.2201,-0.7167,-0.7167,-0.3616,2,0.0000,False,True,False,False,1D
2025-07,143674.4815,-0.3881,-0.3881,-0.3881,1,0.0000,False,True,False,False,1D
2025-08,143165.1935,-0.3545,-0.7257,-0.3675,4,25.0000,False,True,False,False,1D
2025-09,178518.2220,24.6939,0.0000,0.0000,49,100.0000,True,True,True,True,1D
2025-10,234562.6416,31.3942,-0.3011,-0.2995,66,93.9394,True,True,True,True,1D
2025-11,234562.6416,0.0000,0.0000,0.0000,0,0.0000,False,True,False,False,1D
2025-12,251206.1180,7.0955,0.0000,0.0000,22,86.3636,True,True,True,True,1D
2026-01,342168.0280,36.2101,0.0000,0.0000,68,97.0588,True,True,True,True,1D
2026-02,342168.0280,0.0000,0.0000,0.0000,0,0.0000,False,True,False,False,1D
2026-03,315843.0899,-7.6936,-7.6936,-4.4171,18,0.0000,False,False,True,False,1D
2026-04,312354.2637,-1.1046,-1.1046,-0.7371,3,0.0000,False,True,False,False,1D
2026-05,312354.2637,0.0000,0.0000,0.0000,8,75.0000,False,True,True,False,1D
