entry_time,exit_time,direction,pnl_abs,win
2016-01-28 20:00:00,2016-01-29 04:00:00,L,-687.4915805725597,False
2016-01-29 08:00:00,2016-01-29 12:00:00,L,-794.5000673554196,False
2016-02-02 04:00:00,2016-02-02 08:00:00,L,-788.1440668165762,False
2016-02-03 08:00:00,2016-02-03 12:00:00,L,1954.5972857051088,True
2016-02-05 08:00:00,2016-02-05 12:00:00,L,-797.4756925676845,False
2016-02-09 16:00:00,2016-02-09 20:00:00,L,-791.095887027143,False
2016-02-10 00:00:00,2016-02-10 08:00:00,L,-507.92284158783684,False
2016-02-12 04:00:00,2016-02-12 12:00:00,L,247.03353177791823,True
2016-02-16 04:00:00,2016-02-16 08:00:00,L,1956.7000136311165,True
2016-02-16 20:00:00,2016-02-17 00:00:00,L,-798.3336055614956,False
2016-02-18 08:00:00,2016-02-18 16:00:00,L,1612.9922909463535,True
2016-02-19 08:00:00,2016-02-19 16:00:00,L,1261.1898097461146,True
2016-02-25 00:00:00,2016-02-25 04:00:00,L,2037.350983806358,True
2016-02-26 16:00:00,2016-02-29 00:00:00,L,399.45072120824676,True
2016-03-01 08:00:00,2016-03-01 12:00:00,L,-834.4348071626601,False
2016-03-02 00:00:00,2016-03-02 08:00:00,L,-94.07840529935649,False
2016-03-07 04:00:00,2016-03-07 08:00:00,L,2067.5167536574104,True
2016-03-08 16:00:00,2016-03-08 20:00:00,L,-843.5468354922234,False
2016-03-09 12:00:00,2016-03-09 20:00:00,L,59.21095437698578,True
2016-03-10 04:00:00,2016-03-10 12:00:00,L,-837.2721484433016,False
2016-03-11 08:00:00,2016-03-11 12:00:00,L,-830.5739712557552,False
2016-03-14 12:00:00,2016-03-14 16:00:00,L,-823.9293794857091,False
2016-03-16 08:00:00,2016-03-16 16:00:00,L,-817.3379444498235,False
2016-03-17 20:00:00,2016-03-18 04:00:00,L,1129.9789855917868,True
2016-03-18 12:00:00,2016-03-18 20:00:00,L,193.75484205273935,True
2016-03-22 00:00:00,2016-03-22 08:00:00,L,2807.2548711782683,True
2016-03-29 08:00:00,2016-03-29 12:00:00,L,2109.6178762120185,True
2016-03-31 20:00:00,2016-04-01 04:00:00,L,611.6354947151716,True
2016-04-08 04:00:00,2016-04-08 08:00:00,L,-865.617177452225,False
2016-04-12 04:00:00,2016-04-12 08:00:00,L,2146.730600081518,True
2016-04-13 04:00:00,2016-04-13 08:00:00,L,-875.8660848332593,False
2016-04-14 00:00:00,2016-04-14 08:00:00,L,1686.9546778409294,True
2016-04-20 08:00:00,2016-04-20 16:00:00,L,975.6815902601894,True
2016-04-20 20:00:00,2016-04-21 04:00:00,L,906.6810916386003,True
2016-04-21 16:00:00,2016-04-21 20:00:00,L,-897.4136950325109,False
2016-04-26 04:00:00,2016-04-26 08:00:00,L,-890.2343854722509,False
2016-04-27 16:00:00,2016-04-27 20:00:00,L,-883.1125103884729,False
2016-04-28 04:00:00,2016-04-28 08:00:00,L,2190.1190257634125,True
2016-05-02 04:00:00,2016-05-02 08:00:00,L,2233.921406278681,True
2016-05-02 16:00:00,2016-05-02 20:00:00,L,-911.4399337617018,False
2016-05-03 16:00:00,2016-05-04 00:00:00,L,305.09396688692414,True
2016-05-05 08:00:00,2016-05-05 12:00:00,L,2266.472915066759,True
2016-05-05 16:00:00,2016-05-06 00:00:00,L,211.18423583367672,True
2016-05-08 20:00:00,2016-05-09 00:00:00,L,-926.410423233907,False
2016-05-09 08:00:00,2016-05-09 12:00:00,L,-918.9991398480357,False
2016-05-10 16:00:00,2016-05-11 00:00:00,L,1706.4328085227667,True
2016-05-12 04:00:00,2016-05-12 08:00:00,L,-925.2986091974336,False
2016-05-12 20:00:00,2016-05-13 04:00:00,L,1838.2849773869061,True
2016-05-16 20:00:00,2016-05-17 04:00:00,L,1239.8596506035274,True
2016-05-17 08:00:00,2016-05-17 12:00:00,L,-942.5213773477776,False
2016-06-06 04:00:00,2016-06-06 12:00:00,L,327.10649749393133,True
2016-06-07 08:00:00,2016-06-07 12:00:00,L,-937.598058308947,False
2016-06-09 08:00:00,2016-06-09 12:00:00,L,-930.0972738424754,False
2016-06-10 08:00:00,2016-06-10 12:00:00,L,2306.641239129339,True
2016-06-13 04:00:00,2016-06-13 08:00:00,L,2352.7740639119256,True
2016-06-14 04:00:00,2016-06-14 12:00:00,L,2249.5776691860433,True
2016-06-14 16:00:00,2016-06-15 00:00:00,L,980.6422689838338,True
2016-06-15 08:00:00,2016-06-15 12:00:00,L,-985.7735775814248,False
2016-06-16 20:00:00,2016-06-17 04:00:00,L,450.59046220453604,True
2016-06-20 08:00:00,2016-06-20 12:00:00,L,-981.4921126584096,False
2016-06-21 04:00:00,2016-06-21 08:00:00,L,-973.6401757571424,False
2016-06-24 16:00:00,2016-06-26 20:00:00,L,251.77843963585042,True
2016-06-27 16:00:00,2016-06-28 00:00:00,L,368.2350719530539,True
2016-06-28 04:00:00,2016-06-28 08:00:00,L,-970.8111624437964,False
2016-06-29 20:00:00,2016-06-30 04:00:00,L,-685.0710397321591,False
2016-07-05 08:00:00,2016-07-05 12:00:00,L,-957.5641048263888,False
2016-07-07 16:00:00,2016-07-08 00:00:00,L,651.2738489547492,True
2016-07-08 08:00:00,2016-07-08 12:00:00,L,-955.1137827794156,False
2016-07-08 16:00:00,2016-07-10 20:00:00,L,2670.3261196693006,True
2016-07-11 08:00:00,2016-07-11 12:00:00,L,-968.8354814745347,False
2016-07-12 04:00:00,2016-07-12 08:00:00,L,-961.0847976227384,False
2016-07-12 12:00:00,2016-07-12 16:00:00,L,-953.3961192417565,False
2016-07-14 04:00:00,2016-07-14 08:00:00,L,-945.7689502878225,False
2016-07-15 04:00:00,2016-07-15 12:00:00,L,-327.1703387105041,False
2016-07-18 04:00:00,2016-07-18 08:00:00,L,-935.5854359758358,False
2016-07-19 00:00:00,2016-07-19 08:00:00,L,174.2340663734633,True
2016-07-28 16:00:00,2016-07-29 00:00:00,L,1189.9203882650327,True
2016-07-29 08:00:00,2016-07-29 12:00:00,L,2347.5349703128427,True
2016-08-02 04:00:00,2016-08-02 08:00:00,L,2394.4856697191,True
2016-08-03 16:00:00,2016-08-04 00:00:00,L,-361.16491194505363,False
2016-08-04 04:00:00,2016-08-04 12:00:00,L,4746.055805464572,True
2016-08-05 00:00:00,2016-08-05 08:00:00,L,901.6868575605911,True
2016-08-05 16:00:00,2016-08-07 20:00:00,L,-647.7702675676228,False
2016-08-08 08:00:00,2016-08-08 16:00:00,L,1592.00400318447,True
2016-08-09 08:00:00,2016-08-09 12:00:00,L,2566.9916128474206,True
2016-08-10 16:00:00,2016-08-11 00:00:00,L,911.0798074721042,True
2016-08-11 20:00:00,2016-08-12 04:00:00,L,118.88756507467218,True
2016-08-12 20:00:00,2016-08-15 00:00:00,L,1062.1979289674714,True
2016-08-17 04:00:00,2016-08-17 12:00:00,L,-251.6144360121153,False
2016-08-19 04:00:00,2016-08-19 08:00:00,L,-1062.0569849657645,False
2016-08-19 12:00:00,2016-08-21 20:00:00,L,-1053.5605290860383,False
2016-09-07 12:00:00,2016-09-07 16:00:00,L,-1045.13204485335,False
2016-09-08 16:00:00,2016-09-08 20:00:00,L,-1036.7709884945232,False
2016-09-23 00:00:00,2016-09-23 04:00:00,L,-1028.4768205865669,False
2016-09-26 04:00:00,2016-09-26 12:00:00,L,1572.0463938299001,True
2016-09-27 00:00:00,2016-09-27 04:00:00,L,-1032.8253771725138,False
2016-11-02 20:00:00,2016-11-03 04:00:00,L,3101.2411555382782,True
2016-11-03 12:00:00,2016-11-03 16:00:00,L,2623.4317584985997,True
2016-11-04 04:00:00,2016-11-04 12:00:00,L,682.7334372705262,True
2017-01-04 20:00:00,2017-01-05 00:00:00,L,2689.5550624139823,True
2017-01-06 04:00:00,2017-01-06 16:00:00,L,-1097.3384654649046,False
2017-01-11 20:00:00,2017-01-12 00:00:00,L,2721.3993943529636,True
2017-01-12 20:00:00,2017-01-13 00:00:00,L,-1110.330952896009,False
2017-01-16 16:00:00,2017-01-17 00:00:00,L,1403.2418215855048,True
2017-01-19 00:00:00,2017-01-19 08:00:00,L,-1112.674239845525,False
2017-01-20 12:00:00,2017-01-20 16:00:00,L,2759.432114816902,True
2017-01-23 12:00:00,2017-01-23 20:00:00,L,1296.1189005322908,True
2017-01-24 08:00:00,2017-01-24 16:00:00,L,-1136.2172540495542,False
2017-01-24 20:00:00,2017-01-25 04:00:00,L,-1127.1275160171579,False
2017-01-25 16:00:00,2017-01-26 00:00:00,L,1956.6521569330594,True
2017-01-27 04:00:00,2017-01-27 12:00:00,L,323.1483881912448,True
2017-01-30 08:00:00,2017-01-30 12:00:00,L,2840.872250625038,True
2017-02-01 04:00:00,2017-02-01 12:00:00,L,973.4665761770494,True
2017-02-03 00:00:00,2017-02-03 08:00:00,L,-338.5342000814463,False
2017-02-07 12:00:00,2017-02-07 20:00:00,L,1011.2648299949418,True
2017-02-08 08:00:00,2017-02-08 12:00:00,L,2930.613639759349,True
2017-02-09 08:00:00,2017-02-09 12:00:00,L,-1195.6903650218144,False
2017-02-09 16:00:00,2017-02-09 20:00:00,L,-1186.1248421016398,False
2017-02-13 04:00:00,2017-02-13 12:00:00,L,-277.77237294336356,False
2017-02-13 16:00:00,2017-02-14 00:00:00,L,1452.242587417289,True
2017-02-15 08:00:00,2017-02-15 12:00:00,L,-1186.0316050806182,False
2017-02-17 04:00:00,2017-02-17 08:00:00,L,-1176.5433522399733,False
2017-02-17 20:00:00,2017-02-20 00:00:00,L,301.88559007215906,True
2017-02-21 04:00:00,2017-02-21 08:00:00,L,-1169.5460901426309,False
2017-02-22 04:00:00,2017-02-22 12:00:00,L,1707.4069944887426,True
2017-02-22 20:00:00,2017-02-23 04:00:00,L,43.270663153172066,True
2017-02-23 08:00:00,2017-02-23 12:00:00,L,2935.4878567065625,True
2017-02-28 00:00:00,2017-02-28 08:00:00,L,-206.16734815726767,False
2017-03-01 00:00:00,2017-03-01 04:00:00,L,-1196.0297067510194,False
2017-03-02 08:00:00,2017-03-02 12:00:00,L,-1186.4614690970113,False
2017-03-02 20:00:00,2017-03-03 04:00:00,L,18.278094200423162,True
2017-03-03 12:00:00,2017-03-03 16:00:00,L,-1177.1160020978386,False
2017-03-17 00:00:00,2017-03-17 08:00:00,L,476.0935353536669,True
2017-03-21 04:00:00,2017-03-21 08:00:00,L,2928.769555909713,True
2017-03-22 12:00:00,2017-03-22 20:00:00,L,1428.4551630963504,True
2017-03-23 00:00:00,2017-03-23 08:00:00,L,1537.145239275346,True
2017-03-23 20:00:00,2017-03-24 00:00:00,L,-1218.6627820301364,False
2017-03-28 00:00:00,2017-03-28 04:00:00,L,-1208.9134797738955,False
2017-03-28 20:00:00,2017-03-29 00:00:00,L,-1199.2421719357042,False
2017-03-30 04:00:00,2017-03-30 12:00:00,L,231.0308130023736,True
2017-03-30 16:00:00,2017-03-30 20:00:00,L,-1191.4964810642375,False
2017-04-03 08:00:00,2017-04-03 12:00:00,L,2954.9112730393085,True
2017-04-04 16:00:00,2017-04-05 00:00:00,L,422.1217910132392,True
2017-04-05 12:00:00,2017-04-05 16:00:00,L,-1208.9807737281437,False
2017-04-06 08:00:00,2017-04-06 12:00:00,L,-1199.3089275383186,False
2017-04-07 20:00:00,2017-04-10 00:00:00,L,207.94589180287014,True
2017-04-10 08:00:00,2017-04-10 12:00:00,L,-1191.378023252435,False
2017-04-17 12:00:00,2017-04-17 20:00:00,L,-1181.8469990664155,False
2017-04-19 08:00:00,2017-04-19 12:00:00,L,-1172.3922230738842,False
2017-04-20 04:00:00,2017-04-20 12:00:00,L,110.56633742840798,True
2017-04-20 16:00:00,2017-04-21 00:00:00,L,146.19797479513895,True
2017-04-21 04:00:00,2017-04-21 12:00:00,L,2129.2749832344525,True
2017-04-24 12:00:00,2017-04-24 16:00:00,L,2955.253499132392,True
2017-04-25 04:00:00,2017-04-25 08:00:00,L,-1205.7434276460158,False
2017-04-27 08:00:00,2017-04-27 12:00:00,L,-1196.0974802248477,False
2017-05-18 20:00:00,2017-05-19 04:00:00,L,-67.54992063930918,False
2017-05-22 04:00:00,2017-05-22 12:00:00,L,2043.7519300889537,True
2017-05-23 08:00:00,2017-05-23 12:00:00,L,-1202.3383164586457,False
2017-05-23 16:00:00,2017-05-23 20:00:00,L,-1192.7196099269765,False
2017-05-25 12:00:00,2017-05-25 16:00:00,L,-1183.1778530475608,False
2017-05-30 08:00:00,2017-05-30 12:00:00,L,-1173.7124302231803,False
2017-05-31 04:00:00,2017-05-31 08:00:00,L,2910.806826953487,True
2017-06-01 12:00:00,2017-06-01 16:00:00,L,-1187.6091853970227,False
2017-06-02 08:00:00,2017-06-02 12:00:00,L,2945.2707797846165,True
2017-06-05 16:00:00,2017-06-06 00:00:00,L,1160.4689810135014,True
2017-06-07 12:00:00,2017-06-07 16:00:00,L,-1210.9542300002315,False
2017-06-08 04:00:00,2017-06-08 08:00:00,L,-1201.2665961602295,False
2017-06-08 12:00:00,2017-06-08 16:00:00,L,-1191.656463390948,False
2017-06-09 04:00:00,2017-06-09 12:00:00,L,-1182.1232116838203,False
2017-06-11 20:00:00,2017-06-12 04:00:00,L,-172.27091258101214,False
2017-06-13 08:00:00,2017-06-13 12:00:00,L,-1171.2880586897015,False
2017-07-19 04:00:00,2017-07-19 08:00:00,L,-1161.917754220184,False
2017-07-20 04:00:00,2017-07-20 08:00:00,L,-1152.6224121864225,False
2017-07-24 04:00:00,2017-07-24 12:00:00,L,1325.7612577161567,True
2017-07-25 00:00:00,2017-07-25 04:00:00,L,2885.0188073766503,True
2017-07-25 08:00:00,2017-07-25 12:00:00,L,-1177.0876734096735,False
2017-07-25 20:00:00,2017-07-26 00:00:00,L,-1167.670972022396,False
2017-07-27 16:00:00,2017-07-28 00:00:00,L,1174.2213667878489,True
2017-07-31 04:00:00,2017-07-31 12:00:00,L,510.2506882172484,True
2017-08-01 00:00:00,2017-08-01 08:00:00,L,1314.829634699081,True
2017-08-01 12:00:00,2017-08-01 16:00:00,L,2955.8100444096262,True
2017-08-02 04:00:00,2017-08-02 12:00:00,L,631.6524930595111,True
2017-08-03 04:00:00,2017-08-03 08:00:00,L,3027.5592951590083,True
2017-08-04 12:00:00,2017-08-04 16:00:00,L,-1235.2441924248756,False
2017-08-07 12:00:00,2017-08-07 20:00:00,L,432.11703047672285,True
2017-08-08 16:00:00,2017-08-08 20:00:00,L,3072.0479378232258,True
2017-08-14 08:00:00,2017-08-14 16:00:00,L,1872.7056298370542,True
2017-08-14 20:00:00,2017-08-15 00:00:00,L,-1268.3772036705725,False
2017-08-16 08:00:00,2017-08-16 12:00:00,L,-1258.230186041208,False
2017-08-18 20:00:00,2017-08-21 04:00:00,L,-222.77526049375476,False
2017-08-22 04:00:00,2017-08-22 08:00:00,L,-1246.3821424689284,False
2017-08-23 00:00:00,2017-08-23 08:00:00,L,3091.027713322942,True
2017-08-24 04:00:00,2017-08-24 08:00:00,L,-1261.1393070357606,False
2017-08-25 00:00:00,2017-08-25 08:00:00,L,716.1206654645913,True
2017-08-29 20:00:00,2017-08-30 04:00:00,L,1175.1779703732414,True
2017-08-30 08:00:00,2017-08-30 16:00:00,L,102.01588383951764,True
2017-08-31 00:00:00,2017-08-31 04:00:00,L,-1266.996708736893,False
2017-09-01 08:00:00,2017-09-01 12:00:00,L,3142.151837667495,True
2017-09-04 16:00:00,2017-09-05 00:00:00,L,-691.7196567685666,False
2017-09-05 12:00:00,2017-09-05 16:00:00,L,3191.1604812854735,True
2017-09-06 04:00:00,2017-09-06 12:00:00,L,874.0431492013415,True
2017-09-06 20:00:00,2017-09-07 04:00:00,L,351.2975184959428,True
2017-09-11 16:00:00,2017-09-11 20:00:00,L,-1311.7962017060513,False
2017-09-13 16:00:00,2017-09-14 00:00:00,L,-240.59097036929842,False
2017-09-15 08:00:00,2017-09-15 12:00:00,L,-1299.3771043294487,False
2017-09-15 20:00:00,2017-09-17 20:00:00,L,-1288.9820874948132,False
2017-09-25 04:00:00,2017-09-25 12:00:00,L,-161.04983951673793,False
2017-10-11 16:00:00,2017-10-12 00:00:00,L,2261.285335577885,True
2017-10-12 16:00:00,2017-10-13 00:00:00,L,2012.127973443095,True
2017-10-13 12:00:00,2017-10-13 16:00:00,L,3278.9228463772215,True
2017-10-16 20:00:00,2017-10-17 00:00:00,L,-1337.8005213219062,False
2017-11-09 04:00:00,2017-11-09 12:00:00,L,2388.958463105093,True
2017-11-09 16:00:00,2017-11-10 00:00:00,L,980.9482623963617,True
2017-11-14 04:00:00,2017-11-14 08:00:00,L,-1354.0573709553425,False
2017-11-22 04:00:00,2017-11-22 12:00:00,L,1994.0485484874482,True
2017-11-23 04:00:00,2017-11-23 08:00:00,L,-1359.1773003755995,False
2017-11-24 12:00:00,2017-11-26 20:00:00,L,579.2365810281378,True
2017-11-28 04:00:00,2017-11-28 08:00:00,L,-1352.93777462082,False
2017-11-28 20:00:00,2017-11-29 04:00:00,L,2588.6873712822253,True
2017-12-22 04:00:00,2017-12-22 08:00:00,L,3407.0594284852773,True
2017-12-27 04:00:00,2017-12-27 08:00:00,L,3475.2006170549835,True
2018-01-04 04:00:00,2018-01-04 12:00:00,L,3544.7046293960825,True
2018-01-05 08:00:00,2018-01-05 20:00:00,L,1503.8554751757251,True
2018-01-08 08:00:00,2018-01-08 16:00:00,L,234.42883997247577,True
2018-01-09 12:00:00,2018-01-09 16:00:00,L,-1460.1457633147872,False
2018-01-10 00:00:00,2018-01-10 08:00:00,L,704.5391808617007,True
2018-01-11 00:00:00,2018-01-11 04:00:00,L,-1454.1009106551626,False
2018-01-11 08:00:00,2018-01-11 12:00:00,L,3606.1702584248033,True
2018-01-15 20:00:00,2018-01-16 04:00:00,L,160.27094458498533,True
2018-01-17 08:00:00,2018-01-17 16:00:00,L,-1191.771463633219,False
2018-01-18 00:00:00,2018-01-18 08:00:00,L,678.5097421571314,True
2018-01-21 20:00:00,2018-01-22 00:00:00,L,-1468.4935392221907,False
2018-01-22 04:00:00,2018-01-22 12:00:00,L,942.894977698427,True
2018-01-22 20:00:00,2018-01-23 04:00:00,L,2456.7928776357367,True
2018-01-25 12:00:00,2018-01-25 20:00:00,L,-1483.9430937510865,False
2018-01-26 00:00:00,2018-01-26 04:00:00,L,3680.1788725026945,True
2018-01-26 16:00:00,2018-01-28 20:00:00,L,-1501.5129799810993,False
2018-01-29 08:00:00,2018-01-29 12:00:00,L,-1489.5008761412505,False
2018-01-30 00:00:00,2018-01-30 04:00:00,L,-1477.5848691321205,False
2018-01-30 20:00:00,2018-01-31 04:00:00,L,619.8280821246462,True
2018-01-31 20:00:00,2018-02-01 04:00:00,L,298.94322985434934,True
2018-02-01 12:00:00,2018-02-01 16:00:00,L,3682.7859016872385,True
2018-02-02 12:00:00,2018-02-02 16:00:00,L,-1502.5766478883932,False
2018-02-14 12:00:00,2018-02-14 16:00:00,L,3726.390086763215,True
2018-02-16 16:00:00,2018-02-16 20:00:00,L,-1520.3671553993918,False
2018-02-19 12:00:00,2018-02-19 16:00:00,L,-1508.2042181561967,False
2018-02-19 20:00:00,2018-02-20 00:00:00,L,-1496.138584410947,False
2018-03-22 16:00:00,2018-03-23 00:00:00,L,3313.0370294961217,True
2018-03-26 08:00:00,2018-03-26 16:00:00,L,4915.878888936092,True
2018-03-27 12:00:00,2018-03-27 20:00:00,L,1664.1024579281311,True
2018-04-03 04:00:00,2018-04-03 08:00:00,L,-1563.3136227465423,False
2018-04-04 20:00:00,2018-04-05 00:00:00,L,-1550.8071137645702,False
2018-04-05 16:00:00,2018-04-05 20:00:00,L,3846.001642136134,True
2018-04-06 08:00:00,2018-04-06 12:00:00,L,-1569.1686699915426,False
2018-04-10 08:00:00,2018-04-10 16:00:00,L,897.4066764435624,True
2018-04-12 04:00:00,2018-04-12 08:00:00,L,-1563.7945740431587,False
2018-04-12 12:00:00,2018-04-12 16:00:00,L,-1551.2842174508135,False
2018-04-16 12:00:00,2018-04-16 20:00:00,L,1518.4147708188125,True
2018-04-17 04:00:00,2018-04-17 08:00:00,L,-1551.0212618777573,False
2018-04-17 12:00:00,2018-04-17 20:00:00,L,3258.2891279043124,True
2018-04-19 16:00:00,2018-04-20 00:00:00,L,1122.216149099396,True
2018-06-14 20:00:00,2018-06-15 00:00:00,L,-1573.657133998765,False
2018-09-12 08:00:00,2018-09-12 12:00:00,L,-1561.067876926775,False
2018-09-20 08:00:00,2018-09-20 12:00:00,L,3871.4483347784017,True
2018-10-02 12:00:00,2018-10-02 16:00:00,L,3948.8773014739695,True
2018-10-12 08:00:00,2018-10-12 16:00:00,L,603.8119851374358,True
2018-10-15 20:00:00,2018-10-16 04:00:00,L,814.6541733724043,True
2018-10-16 20:00:00,2018-10-17 00:00:00,L,-1622.4896682694582,False
2018-10-17 20:00:00,2018-10-18 04:00:00,L,-1609.5097509233026,False
2018-10-19 16:00:00,2018-10-21 20:00:00,L,-158.99744720373562,False
2018-10-22 08:00:00,2018-10-22 12:00:00,L,-1595.3616933382862,False
2018-10-23 20:00:00,2018-10-24 04:00:00,L,550.5397414671148,True
2018-10-24 12:00:00,2018-10-24 16:00:00,L,-1587.0031177233168,False
2018-10-25 08:00:00,2018-10-25 12:00:00,L,-1574.3070927815302,False
2018-10-28 20:00:00,2018-10-29 04:00:00,L,-609.0510389664747,False
2018-10-29 08:00:00,2018-10-29 16:00:00,L,-1556.840227727546,False
2018-10-30 08:00:00,2018-10-30 16:00:00,L,232.48591025758645,True
2018-10-31 00:00:00,2018-10-31 04:00:00,L,-1546.2453931877865,False
2018-11-02 04:00:00,2018-11-02 12:00:00,L,882.9600314260632,True
2018-11-02 16:00:00,2018-11-05 00:00:00,L,1214.0993161450567,True
2018-11-05 04:00:00,2018-11-05 12:00:00,L,34.523855286289546,True
2018-11-05 16:00:00,2018-11-06 00:00:00,L,630.5422659345777,True
2018-11-06 04:00:00,2018-11-06 08:00:00,L,3889.9310844815504,True
2018-11-06 20:00:00,2018-11-07 00:00:00,L,3967.7297061711815,True
2018-11-07 16:00:00,2018-11-07 20:00:00,L,-1618.8337201178422,False
2018-11-19 04:00:00,2018-11-19 12:00:00,L,2140.926168120043,True
2018-11-20 04:00:00,2018-11-20 12:00:00,L,2233.1970405702464,True
2018-11-20 20:00:00,2018-11-21 04:00:00,L,-601.1779854095103,False
2018-11-22 04:00:00,2018-11-22 12:00:00,L,1827.799620450541,True
2018-11-22 20:00:00,2018-11-23 04:00:00,L,2033.6994876503963,True
2018-11-23 08:00:00,2018-11-23 12:00:00,L,-1666.958605007953,False
2018-11-26 08:00:00,2018-11-26 12:00:00,L,-1653.6229361678893,False
2018-11-26 16:00:00,2018-11-27 00:00:00,L,-1640.3939526785462,False
2018-11-28 08:00:00,2018-11-28 16:00:00,L,764.6473953667901,True
2018-11-30 00:00:00,2018-11-30 08:00:00,L,104.67822895902029,True
2018-11-30 12:00:00,2018-11-30 20:00:00,L,-972.9853036055065,False
2018-12-05 04:00:00,2018-12-05 12:00:00,L,1579.52100767435,True
2018-12-06 08:00:00,2018-12-06 12:00:00,L,4097.694229210688,True
2018-12-07 00:00:00,2018-12-07 08:00:00,L,2334.334088213162,True
2018-12-10 08:00:00,2018-12-10 12:00:00,L,-1690.533918223666,False
2018-12-11 16:00:00,2018-12-12 00:00:00,L,-522.8221911420653,False
2018-12-12 08:00:00,2018-12-12 12:00:00,L,4182.06767337185,True
2018-12-13 04:00:00,2018-12-13 08:00:00,L,-1706.283610735715,False
2018-12-13 12:00:00,2018-12-13 20:00:00,L,-22.550739628482336,False
2018-12-14 04:00:00,2018-12-14 08:00:00,L,-1692.4529359328012,False
2018-12-19 04:00:00,2018-12-19 08:00:00,L,-1678.9133124453385,False
2018-12-19 12:00:00,2018-12-19 16:00:00,L,-1665.4820059457759,False
2018-12-21 12:00:00,2018-12-21 16:00:00,L,-1652.1581498982096,False
2018-12-27 00:00:00,2018-12-27 08:00:00,L,-1638.940884699024,False
2018-12-31 04:00:00,2018-12-31 08:00:00,L,4064.5733940535797,True
2019-01-02 20:00:00,2019-01-03 00:00:00,L,4145.864861934651,True
2019-01-07 16:00:00,2019-01-08 00:00:00,L,32.06622151511924,True
2019-01-08 04:00:00,2019-01-08 12:00:00,L,-392.4184754519891,False
2019-01-09 08:00:00,2019-01-09 12:00:00,L,-1688.6300456378428,False
2019-01-10 12:00:00,2019-01-10 16:00:00,L,-1675.1210052727401,False
2019-01-11 20:00:00,2019-01-14 00:00:00,L,-187.65584268254904,False
2019-01-14 16:00:00,2019-01-15 00:00:00,L,2478.1928870677816,True
2019-01-16 00:00:00,2019-01-16 08:00:00,L,-1065.6161408870635,False
2019-01-17 04:00:00,2019-01-17 08:00:00,L,4178.7985111463595,True
2019-01-17 16:00:00,2019-01-18 00:00:00,L,-485.0434551888291,False
2019-01-18 08:00:00,2019-01-18 12:00:00,L,-1701.0694449062041,False
2019-01-21 12:00:00,2019-01-22 00:00:00,L,2056.066553577571,True
2019-01-24 04:00:00,2019-01-24 08:00:00,L,-1703.909421775575,False
2019-01-24 20:00:00,2019-01-25 04:00:00,L,1137.9592695886392,True
2019-01-30 20:00:00,2019-01-31 04:00:00,L,657.1892001173928,True
2019-01-31 20:00:00,2019-02-01 00:00:00,L,-1704.6393341590187,False
2019-02-01 04:00:00,2019-02-01 12:00:00,L,2551.975450914183,True
2019-02-06 08:00:00,2019-02-06 12:00:00,L,-1711.41802309306,False
2019-02-08 04:00:00,2019-02-08 08:00:00,L,4244.316697270789,True
2019-02-11 04:00:00,2019-02-11 08:00:00,L,-1731.6812124864819,False
2019-02-13 12:00:00,2019-02-13 16:00:00,L,-1717.8277627865898,False
2019-02-13 20:00:00,2019-02-14 04:00:00,L,2133.196720786963,True
2019-02-14 12:00:00,2019-02-14 16:00:00,L,4302.876786126482,True
2019-02-19 04:00:00,2019-02-19 08:00:00,L,4388.934321849012,True
2019-02-21 04:00:00,2019-02-21 08:00:00,L,-1790.685203314397,False
2019-02-22 12:00:00,2019-02-22 16:00:00,L,4440.899304219704,True
2019-02-25 20:00:00,2019-02-26 04:00:00,L,970.0854697551739,True
2019-02-26 08:00:00,2019-02-26 16:00:00,L,2076.201386679554,True
2019-02-27 16:00:00,2019-02-28 00:00:00,L,-149.01835136582028,False
2019-03-19 08:00:00,2019-03-19 12:00:00,L,4587.662660405476,True
2019-03-20 00:00:00,2019-03-20 04:00:00,L,-1871.7663654454343,False
2019-03-21 12:00:00,2019-03-21 16:00:00,L,-1856.792234521871,False
2019-03-26 04:00:00,2019-03-26 08:00:00,L,-1841.937896645696,False
2019-03-27 16:00:00,2019-03-27 20:00:00,L,-1827.2023934725305,False
2019-04-10 04:00:00,2019-04-10 12:00:00,L,1523.206303897328,True
2019-05-10 08:00:00,2019-05-10 12:00:00,L,4561.9260618898215,True
2019-05-13 04:00:00,2019-05-13 12:00:00,L,159.40065778428314,True
2019-05-14 04:00:00,2019-05-14 08:00:00,L,-1862.5410385133214,False
2019-05-14 16:00:00,2019-05-15 00:00:00,L,1200.3123752914116,True
2019-05-15 04:00:00,2019-05-15 16:00:00,L,755.1888165528503,True
2019-05-16 00:00:00,2019-05-16 08:00:00,L,-282.5701395671731,False
2019-05-24 08:00:00,2019-05-24 12:00:00,L,-1861.0241586234315,False
2019-05-27 20:00:00,2019-05-28 00:00:00,L,-1846.1359653544444,False
2019-05-30 12:00:00,2019-05-30 16:00:00,L,4578.417194079022,True
2019-06-04 12:00:00,2019-06-04 20:00:00,L,2143.9346238351795,True
2019-06-05 20:00:00,2019-06-06 04:00:00,L,1240.1307826560821,True
2019-06-06 20:00:00,2019-06-07 04:00:00,L,-517.3187878477428,False
2019-06-10 04:00:00,2019-06-10 08:00:00,L,-1890.928188133389,False
2019-06-11 08:00:00,2019-06-11 16:00:00,L,3436.7256202791805,True
2019-06-12 20:00:00,2019-06-13 04:00:00,L,3066.642537034,True
2019-06-14 20:00:00,2019-06-17 00:00:00,L,-1714.1852755580649,False
2019-06-17 08:00:00,2019-06-17 12:00:00,L,4785.285564205907,True
2019-06-18 20:00:00,2019-06-19 04:00:00,L,-1393.9619192141406,False
2019-06-19 12:00:00,2019-06-19 16:00:00,L,4853.112037105742,True
2019-06-25 20:00:00,2019-06-26 00:00:00,L,-1980.0697111391428,False
2019-06-26 12:00:00,2019-06-26 20:00:00,L,2394.4190199772925,True
2019-06-27 04:00:00,2019-06-27 08:00:00,L,-1983.384505609848,False
2019-07-01 20:00:00,2019-07-02 04:00:00,L,3174.0592952995157,True
2019-07-03 12:00:00,2019-07-03 20:00:00,L,-553.9387723560243,False
2019-07-04 12:00:00,2019-07-04 20:00:00,L,740.689737833914,True
2019-07-05 12:00:00,2019-07-05 16:00:00,L,-1994.4039116511888,False
2019-07-08 20:00:00,2019-07-09 04:00:00,L,1363.1945114356654,True
2019-07-10 04:00:00,2019-07-10 12:00:00,L,1556.4037332915173,True
2019-07-11 16:00:00,2019-07-11 20:00:00,L,-2001.8054663157966,False
2019-07-15 04:00:00,2019-07-15 12:00:00,L,-845.8652399370934,False
2019-07-16 20:00:00,2019-07-17 00:00:00,L,-1979.0241006657736,False
2019-07-17 08:00:00,2019-07-17 12:00:00,L,4907.979769651119,True
2019-07-18 04:00:00,2019-07-18 08:00:00,L,-2002.4557460176563,False
2019-07-19 08:00:00,2019-07-19 12:00:00,L,-1986.436100049515,False
2019-07-19 16:00:00,2019-07-21 20:00:00,L,797.0172091237057,True
2019-07-22 12:00:00,2019-07-22 20:00:00,L,-767.1414997825102,False
2019-07-23 00:00:00,2019-07-23 04:00:00,L,-1970.7836169238485,False
2019-07-23 20:00:00,2019-07-24 04:00:00,L,2628.0273032523187,True
2019-07-25 16:00:00,2019-07-25 20:00:00,L,-1976.0415664144762,False
2019-07-26 20:00:00,2019-07-29 00:00:00,L,2593.981571743802,True
2019-07-29 08:00:00,2019-07-29 12:00:00,L,-1980.9850864571108,False
2019-07-30 08:00:00,2019-07-30 16:00:00,L,1830.5825062912588,True
2019-07-31 04:00:00,2019-07-31 12:00:00,L,3663.142340125637,True
2019-07-31 16:00:00,2019-07-31 20:00:00,L,-2009.087004536789,False
2019-08-02 08:00:00,2019-08-02 12:00:00,L,-1993.0143085004945,False
2019-08-06 04:00:00,2019-08-06 12:00:00,L,3970.480003653164,True
2019-08-08 00:00:00,2019-08-08 04:00:00,L,-2008.834034061716,False
2019-08-11 20:00:00,2019-08-12 04:00:00,L,-1992.7633617892222,False
2019-08-14 04:00:00,2019-08-14 08:00:00,L,4942.053137237271,True
2019-08-15 08:00:00,2019-08-15 16:00:00,L,1165.3974048201894,True
2019-08-16 08:00:00,2019-08-16 12:00:00,L,-2025.680859231368,False
2019-08-19 20:00:00,2019-08-20 04:00:00,L,86.5150510750463,True
2019-08-21 04:00:00,2019-08-21 08:00:00,L,-2010.1675327661176,False
2019-08-22 04:00:00,2019-08-22 08:00:00,L,-1994.0861925039885,False
2019-08-23 00:00:00,2019-08-23 08:00:00,L,671.4790327790663,True
2019-08-26 08:00:00,2019-08-26 16:00:00,L,910.961280956951,True
2019-08-28 04:00:00,2019-08-28 12:00:00,L,5623.785676211338,True
2019-08-29 12:00:00,2019-08-29 16:00:00,L,-2035.7833108835355,False
2019-08-30 08:00:00,2019-08-30 16:00:00,L,-79.60225961061424,False
2019-09-01 20:00:00,2019-09-02 00:00:00,L,-2018.8602263195826,False
2019-09-02 08:00:00,2019-09-02 16:00:00,L,2708.3293591113484,True
2019-09-04 08:00:00,2019-09-04 12:00:00,L,5060.939948454791,True
2019-09-05 04:00:00,2019-09-05 08:00:00,L,-2064.863498969555,False
2019-09-06 04:00:00,2019-09-06 08:00:00,L,-2048.3445909777984,False
2019-09-06 20:00:00,2019-09-09 00:00:00,L,1898.665700422082,True
2019-09-24 04:00:00,2019-09-24 12:00:00,L,1195.1489624942997,True
2019-09-25 12:00:00,2019-09-25 16:00:00,L,-2056.7083515533072,False
2019-10-03 04:00:00,2019-10-03 12:00:00,L,1145.8650983586874,True
2019-10-09 12:00:00,2019-10-09 16:00:00,L,5123.5540138193755,True
2019-10-25 16:00:00,2019-10-27 20:00:00,L,-671.7547596739297,False
2019-11-01 12:00:00,2019-11-01 16:00:00,L,-2085.0359995609138,False
2019-11-04 16:00:00,2019-11-05 00:00:00,L,-1955.577468268028,False
2019-12-03 04:00:00,2019-12-03 08:00:00,L,5131.777729545706,True
2019-12-04 12:00:00,2019-12-04 20:00:00,L,-1026.4579421553767,False
2019-12-05 12:00:00,2019-12-05 20:00:00,L,1318.315467912359,True
2019-12-16 16:00:00,2019-12-17 00:00:00,L,703.6007728413645,True
2019-12-17 16:00:00,2019-12-18 00:00:00,L,-232.38619015929012,False
2019-12-19 12:00:00,2019-12-19 16:00:00,L,5249.674726305401,True
2019-12-20 12:00:00,2019-12-20 20:00:00,L,213.9973692728968,True
2019-12-27 08:00:00,2019-12-27 12:00:00,L,-2143.5792672867874,False
2019-12-30 00:00:00,2019-12-30 08:00:00,L,-567.6604581658166,False
2019-12-30 12:00:00,2019-12-30 20:00:00,L,3610.00378867331,True
2020-01-01 20:00:00,2020-01-02 04:00:00,L,411.77904433793475,True
2020-01-06 16:00:00,2020-01-07 00:00:00,L,-250.5146535672348,False
2020-01-08 12:00:00,2020-01-08 16:00:00,L,-2152.0594949187184,False
2020-01-09 08:00:00,2020-01-09 16:00:00,L,462.4684901425464,True
2020-01-10 08:00:00,2020-01-10 16:00:00,L,4984.0961857883385,True
2020-01-13 20:00:00,2020-01-14 00:00:00,L,-2178.4155363668156,False
2020-01-15 16:00:00,2020-01-15 20:00:00,L,5402.470530189703,True
2020-01-16 08:00:00,2020-01-16 12:00:00,L,-2204.207976317399,False
2020-01-21 08:00:00,2020-01-21 12:00:00,L,-2186.5743125068598,False
2020-01-22 08:00:00,2020-01-22 16:00:00,L,1892.8005104300732,True
2020-01-23 08:00:00,2020-01-23 12:00:00,L,5460.560305225613,True
2020-01-24 04:00:00,2020-01-24 08:00:00,L,-2227.90860453205,False
2020-01-27 08:00:00,2020-01-27 16:00:00,L,2692.9715339318923,True
2020-01-28 04:00:00,2020-01-28 12:00:00,L,-1214.5385850724392,False
2020-01-28 20:00:00,2020-01-29 00:00:00,L,-2221.9127992866693,False
2020-01-31 00:00:00,2020-01-31 08:00:00,L,1640.5250625195224,True
2020-02-03 04:00:00,2020-02-03 08:00:00,L,-2217.2616973925324,False
2020-02-05 12:00:00,2020-02-05 20:00:00,L,1187.642587967023,True
2020-02-07 08:00:00,2020-02-07 12:00:00,L,5522.561861292821,True
2020-02-10 04:00:00,2020-02-10 12:00:00,L,1191.0036063299544,True
2020-02-11 00:00:00,2020-02-11 04:00:00,L,-2262.7332682581105,False
2020-02-11 20:00:00,2020-02-12 04:00:00,L,-2244.6314021120456,False
2020-02-14 04:00:00,2020-02-14 12:00:00,L,1539.729795111507,True
2020-02-17 08:00:00,2020-02-17 16:00:00,L,1903.8458806186875,True
2020-02-24 20:00:00,2020-02-25 04:00:00,L,-841.3652985802916,False
2020-02-26 00:00:00,2020-02-26 08:00:00,L,1401.9067049528987,True
2020-02-27 20:00:00,2020-02-28 04:00:00,L,-998.9962445991555,False
2020-03-04 20:00:00,2020-03-05 04:00:00,L,424.7362984601575,True
2020-03-09 16:00:00,2020-03-10 00:00:00,L,346.32015741649724,True
2020-03-10 04:00:00,2020-03-10 12:00:00,L,-1197.879727231483,False
2020-03-10 16:00:00,2020-03-11 04:00:00,L,1204.4690989944572,True
2020-03-11 16:00:00,2020-03-12 00:00:00,L,-2256.936484216296,False
2020-03-25 08:00:00,2020-03-25 16:00:00,L,1599.380621375405,True
2020-03-25 20:00:00,2020-03-26 00:00:00,L,-2251.6760373135685,False
2020-03-27 00:00:00,2020-03-27 04:00:00,L,-2233.66262901506,False
2020-03-27 12:00:00,2020-03-27 20:00:00,L,-863.3471395697275,False
2020-03-30 04:00:00,2020-03-30 12:00:00,L,1452.2305582725694,True
2020-03-30 20:00:00,2020-03-31 00:00:00,L,-2220.5043953325617,False
2020-04-08 04:00:00,2020-04-08 08:00:00,L,-2202.7403601699016,False
2020-04-15 00:00:00,2020-04-15 04:00:00,L,-2185.1184372885423,False
2020-04-15 16:00:00,2020-04-16 00:00:00,L,825.4666070426092,True
2020-04-16 20:00:00,2020-04-17 00:00:00,L,-2174.2412226465744,False
2020-04-17 04:00:00,2020-04-17 08:00:00,L,-2156.8472928654023,False
2020-04-20 08:00:00,2020-04-20 12:00:00,L,5348.981286306198,True
2020-04-21 04:00:00,2020-04-21 08:00:00,L,-2182.3843648129287,False
2020-04-21 12:00:00,2020-04-21 20:00:00,L,5349.453713154106,True
2020-04-23 04:00:00,2020-04-23 08:00:00,L,5519.302298999146,True
2020-04-24 04:00:00,2020-04-24 12:00:00,L,2302.100896014129,True
2020-04-24 16:00:00,2020-04-26 20:00:00,L,5122.618224625596,True
2020-04-27 12:00:00,2020-04-27 16:00:00,L,-2311.2730909567695,False
2020-04-28 00:00:00,2020-04-28 04:00:00,L,-2292.7829062291153,False
2020-04-30 20:00:00,2020-05-01 04:00:00,L,420.06873010575794,True
2020-05-01 08:00:00,2020-05-01 12:00:00,L,5694.5029820503205,True
2020-05-05 04:00:00,2020-05-05 12:00:00,L,-1685.443534235687,False
2020-05-06 16:00:00,2020-05-07 00:00:00,L,4266.462865726942,True
2020-05-11 00:00:00,2020-05-11 08:00:00,L,249.3059932469114,True
2020-05-11 16:00:00,2020-05-12 00:00:00,L,401.57177938128456,True
2020-05-12 20:00:00,2020-05-13 04:00:00,L,891.4358909931203,True
2020-05-13 08:00:00,2020-05-13 12:00:00,L,5890.8597015935775,True
2020-05-18 16:00:00,2020-05-19 00:00:00,L,116.13778814157652,True
2020-05-21 04:00:00,2020-05-21 08:00:00,L,-2404.399860555312,False
2020-05-26 16:00:00,2020-05-27 00:00:00,L,-630.7957434160596,False
2020-06-02 08:00:00,2020-06-02 12:00:00,L,-2380.1182957235415,False
2020-06-02 16:00:00,2020-06-02 20:00:00,L,-2361.077349357753,False
2020-06-09 08:00:00,2020-06-09 12:00:00,L,5855.471826407228,True
2020-06-11 20:00:00,2020-06-12 00:00:00,L,-2389.032505174149,False
2020-06-12 20:00:00,2020-06-15 00:00:00,L,559.3398791454817,True
2020-06-15 08:00:00,2020-06-15 12:00:00,L,-2374.3949641659196,False
2020-06-17 04:00:00,2020-06-17 08:00:00,L,-2355.399804452592,False
2020-06-18 12:00:00,2020-06-18 20:00:00,L,1418.7372048023267,True
2020-06-22 08:00:00,2020-06-22 12:00:00,L,5869.766259138474,True
2020-06-23 08:00:00,2020-06-23 16:00:00,L,6381.395927529843,True
2020-06-24 16:00:00,2020-06-24 20:00:00,L,-2445.9158011487366,False
2020-06-25 12:00:00,2020-06-25 20:00:00,L,2956.3756532018533,True
2020-06-26 04:00:00,2020-06-26 12:00:00,L,293.22893070319736,True
2020-06-29 08:00:00,2020-06-29 16:00:00,L,1563.971531731621,True
2020-06-30 12:00:00,2020-06-30 16:00:00,L,6162.142709161599,True
2020-07-01 16:00:00,2020-07-02 00:00:00,L,1001.4871308923373,True
2020-07-06 04:00:00,2020-07-06 08:00:00,L,6305.415305962678,True
2020-07-07 08:00:00,2020-07-07 12:00:00,L,-2572.6094448327726,False
2020-07-09 12:00:00,2020-07-09 16:00:00,L,-2552.0285692741104,False
2020-07-12 20:00:00,2020-07-13 04:00:00,L,6155.346534369258,True
2020-07-14 00:00:00,2020-07-14 04:00:00,L,-2580.8551129948714,False
2020-07-15 08:00:00,2020-07-15 12:00:00,L,-2560.208272090913,False
2020-07-16 04:00:00,2020-07-16 08:00:00,L,-2539.7266059141853,False
2020-07-16 20:00:00,2020-07-17 04:00:00,L,1673.8340184757826,True
2020-07-20 04:00:00,2020-07-20 08:00:00,L,6331.998663036695,True
2020-07-27 20:00:00,2020-07-28 00:00:00,L,6458.638636297429,True
2020-07-28 08:00:00,2020-07-28 12:00:00,L,6587.811409023378,True
2020-07-29 04:00:00,2020-07-29 12:00:00,L,2166.173004082993,True
2020-08-03 04:00:00,2020-08-03 08:00:00,L,-2705.1564389142018,False
2020-08-05 20:00:00,2020-08-06 04:00:00,L,2567.8525779386896,True
2020-08-07 12:00:00,2020-08-07 16:00:00,L,-2704.058008026398,False
2020-08-10 20:00:00,2020-08-11 00:00:00,L,-2682.4255439621866,False
2020-08-14 04:00:00,2020-08-14 12:00:00,L,-112.86013292844333,False
2020-08-14 16:00:00,2020-08-16 20:00:00,L,1920.8056083802967,True
2020-08-19 04:00:00,2020-08-19 08:00:00,L,-2675.429703414104,False
2020-08-20 12:00:00,2020-08-20 20:00:00,L,2998.1073238198346,True
2020-08-21 12:00:00,2020-08-21 16:00:00,L,6695.027810943375,True
2020-08-26 08:00:00,2020-08-26 12:00:00,L,6828.9283671622425,True
2020-08-31 08:00:00,2020-08-31 16:00:00,L,4416.575164288535,True
2020-09-01 20:00:00,2020-09-02 04:00:00,L,-2821.535375116503,False
2020-09-09 04:00:00,2020-09-09 08:00:00,L,-2798.963092115571,False
2020-09-10 08:00:00,2020-09-10 12:00:00,L,6941.428468446616,True
2020-09-10 20:00:00,2020-09-11 04:00:00,L,-1282.4492664122843,False
2020-09-14 12:00:00,2020-09-14 16:00:00,L,7054.608052487301,True
2020-09-15 16:00:00,2020-09-15 20:00:00,L,-2878.280085414819,False
2020-09-16 20:00:00,2020-09-17 00:00:00,L,-2855.2538447315005,False
2020-10-12 08:00:00,2020-10-12 12:00:00,L,-2832.4118139736483,False
2020-10-21 12:00:00,2020-10-21 16:00:00,L,7024.381298654649,True
2020-11-04 08:00:00,2020-11-04 12:00:00,L,7164.868924627743,True
2020-11-06 04:00:00,2020-11-06 08:00:00,L,7308.166303120296,True
2020-12-07 12:00:00,2020-12-07 16:00:00,L,7454.329629182703,True
2020-12-08 12:00:00,2020-12-08 16:00:00,L,7603.416221766357,True
2020-12-18 08:00:00,2020-12-18 16:00:00,L,4011.028849492283,True
2020-12-18 20:00:00,2020-12-21 00:00:00,L,7724.541493880147,True
2020-12-22 08:00:00,2020-12-22 12:00:00,L,-3196.078381227653,False
2020-12-23 00:00:00,2020-12-23 08:00:00,L,3271.0140228576875,True
2020-12-28 12:00:00,2020-12-28 20:00:00,L,1808.434429479311,True
2020-12-30 12:00:00,2020-12-30 16:00:00,L,8027.863354491319,True
2021-01-06 04:00:00,2021-01-06 08:00:00,L,8188.4206215811455,True
2021-01-06 12:00:00,2021-01-06 20:00:00,L,-3340.8756136051074,False
2021-01-21 08:00:00,2021-01-21 12:00:00,L,-3314.148608696267,False
2021-04-07 04:00:00,2021-04-07 12:00:00,L,-3287.6354198266968,False
2021-04-09 08:00:00,2021-04-09 12:00:00,L,-3261.3343364680827,False
2021-04-19 16:00:00,2021-04-20 00:00:00,L,-2279.5465549202027,False
2021-04-22 08:00:00,2021-04-22 12:00:00,L,-3217.0072893369766,False
2021-04-23 08:00:00,2021-04-23 12:00:00,L,-3191.2712310222805,False
2021-04-23 16:00:00,2021-04-26 00:00:00,L,-2039.9910543496421,False
2021-04-26 12:00:00,2021-04-26 20:00:00,L,3523.495249946779,True
2021-04-29 16:00:00,2021-04-30 00:00:00,L,6249.412652440696,True
2021-04-30 04:00:00,2021-04-30 12:00:00,L,1927.32499537821,True
2021-05-04 04:00:00,2021-05-04 08:00:00,L,-3243.022995921431,False
2021-05-04 12:00:00,2021-05-04 16:00:00,L,-3217.07881195406,False
2021-05-05 08:00:00,2021-05-05 16:00:00,L,5029.416325023852,True
2021-05-11 00:00:00,2021-05-11 04:00:00,L,-3231.577512058618,False
2021-05-12 04:00:00,2021-05-12 12:00:00,L,5344.03075706276,True
2021-05-12 16:00:00,2021-05-12 20:00:00,L,-3248.4771380186517,False
2021-05-13 08:00:00,2021-05-13 12:00:00,L,8056.2233022862565,True
2021-05-18 16:00:00,2021-05-19 00:00:00,L,2553.1884741564168,True
2021-05-19 12:00:00,2021-05-19 16:00:00,L,8268.41153781511,True
2021-05-21 04:00:00,2021-05-21 12:00:00,L,1950.1388253190298,True
2021-05-21 16:00:00,2021-05-23 20:00:00,L,5039.2852915126905,True
2021-05-24 08:00:00,2021-05-24 12:00:00,L,-3429.427300363218,False
2021-05-25 04:00:00,2021-05-25 12:00:00,L,2284.247531348299,True
2021-05-26 16:00:00,2021-05-26 20:00:00,L,-3420.265862211099,False
2021-05-27 12:00:00,2021-05-27 16:00:00,L,-3392.90373531341,False
2021-05-28 08:00:00,2021-05-28 12:00:00,L,-3365.760505430903,False
2021-05-31 08:00:00,2021-05-31 16:00:00,L,249.72051139871152,True
2021-06-02 04:00:00,2021-06-02 12:00:00,L,5451.55587354668,True
2021-06-03 04:00:00,2021-06-03 08:00:00,L,-3384.4446324670184,False
2021-06-07 04:00:00,2021-06-07 16:00:00,L,6920.5817030810795,True
2021-06-08 04:00:00,2021-06-08 08:00:00,L,-3412.733729031931,False
2021-06-09 08:00:00,2021-06-09 16:00:00,L,-820.6410309381082,False
2021-06-10 08:00:00,2021-06-10 12:00:00,L,-3378.8667309521707,False
2021-06-11 12:00:00,2021-06-11 16:00:00,L,-3351.8357971045534,False
2021-07-12 12:00:00,2021-07-12 20:00:00,L,5350.550174235833,True
2021-07-15 12:00:00,2021-07-15 20:00:00,L,5767.721236151764,True
2021-07-16 04:00:00,2021-07-16 08:00:00,L,-3413.9672820108176,False
2021-07-19 08:00:00,2021-07-19 12:00:00,L,-3386.655543754731,False
2021-07-28 12:00:00,2021-07-28 20:00:00,L,14876.412737547782,True
2021-07-30 04:00:00,2021-07-30 12:00:00,L,30.19461995362668,True
2021-07-30 16:00:00,2021-08-01 20:00:00,L,-217.36836570620488,False
2021-08-02 08:00:00,2021-08-02 12:00:00,L,8692.690528347637,True
2021-08-03 04:00:00,2021-08-03 12:00:00,L,3824.521313666234,True
2021-08-04 12:00:00,2021-08-04 16:00:00,L,-3577.2139060751656,False
2021-08-17 20:00:00,2021-08-18 04:00:00,L,6372.85104958054,True
2021-08-18 12:00:00,2021-08-18 16:00:00,L,-3599.579003223209,False
2021-08-24 04:00:00,2021-08-24 12:00:00,L,3915.2256220660365,True
2021-08-24 20:00:00,2021-08-25 00:00:00,L,-3602.1041761739516,False
2021-08-25 16:00:00,2021-08-26 00:00:00,L,-1090.8013860934554,False
2021-08-26 04:00:00,2021-08-26 08:00:00,L,-3564.5609316758123,False
2021-08-30 04:00:00,2021-08-30 12:00:00,L,2047.5168593018543,True
2021-08-30 16:00:00,2021-08-31 00:00:00,L,2241.6052837803027,True
2021-08-31 12:00:00,2021-08-31 16:00:00,L,-3570.3574213670627,False
2021-09-02 04:00:00,2021-09-02 12:00:00,L,4024.343160337427,True
2021-09-03 12:00:00,2021-09-03 16:00:00,L,8934.973268197064,True
2021-09-06 04:00:00,2021-09-06 12:00:00,L,-3216.3607451353027,False
2021-09-14 04:00:00,2021-09-14 08:00:00,L,-3619.73820746332,False
2021-10-14 04:00:00,2021-10-14 12:00:00,L,5502.6381075965255,True
2021-10-15 00:00:00,2021-10-15 04:00:00,L,-3634.801406664386,False
2021-10-20 00:00:00,2021-10-20 08:00:00,L,7987.482718392023,True
2021-10-21 12:00:00,2021-10-21 16:00:00,L,-3669.6228571582074,False
2021-10-22 16:00:00,2021-10-25 00:00:00,L,9100.664685752356,True
2021-10-26 04:00:00,2021-10-26 12:00:00,L,-341.0238244066494,False
2021-10-26 16:00:00,2021-10-27 00:00:00,L,1504.9342141223935,True
2021-10-27 04:00:00,2021-10-27 12:00:00,L,2205.732635179534,True
2021-10-29 04:00:00,2021-10-29 08:00:00,L,-3740.0283359861232,False
2021-11-02 04:00:00,2021-11-02 08:00:00,L,-3710.108109298234,False
2021-11-02 12:00:00,2021-11-02 16:00:00,L,-3680.427244423848,False
2021-11-09 04:00:00,2021-11-09 12:00:00,L,994.658334714766,True
2021-11-10 08:00:00,2021-11-10 12:00:00,L,-3658.9410931461757,False
2021-11-11 04:00:00,2021-11-11 08:00:00,L,9074.173911002516,True
2021-11-12 04:00:00,2021-11-12 08:00:00,L,-3702.2629556890265,False
2021-11-12 12:00:00,2021-11-12 16:00:00,L,9181.612130108786,True
2021-11-15 04:00:00,2021-11-15 12:00:00,L,6199.571443203776,True
2021-11-15 16:00:00,2021-11-16 04:00:00,L,4740.053018929628,True
2021-11-16 16:00:00,2021-11-16 20:00:00,L,-3833.614744781452,False
2021-11-18 12:00:00,2021-11-18 16:00:00,L,-3802.9458268232,False
2021-11-18 20:00:00,2021-11-19 04:00:00,L,4107.667625035059,True
2021-11-19 08:00:00,2021-11-19 12:00:00,L,-3805.383601208895,False
2021-11-19 20:00:00,2021-11-21 20:00:00,L,-3774.9405323992237,False
2021-12-17 16:00:00,2021-12-17 20:00:00,L,-3744.74100814003,False
2021-12-22 08:00:00,2021-12-22 12:00:00,L,9286.957700187275,True
2021-12-27 12:00:00,2021-12-27 20:00:00,L,4080.1785396228393,True
2021-12-28 20:00:00,2021-12-29 00:00:00,L,-3821.7201699933908,False
2021-12-29 08:00:00,2021-12-29 12:00:00,L,-3791.1464086334436,False
2021-12-30 08:00:00,2021-12-30 16:00:00,L,18804.08618682188,True
2022-01-03 12:00:00,2022-01-03 16:00:00,L,-3911.249926858951,False
2022-01-05 08:00:00,2022-01-05 16:00:00,L,14334.535901144192,True
2022-01-05 20:00:00,2022-01-06 00:00:00,L,-3994.6362146532333,False
2022-01-12 04:00:00,2022-01-12 08:00:00,L,-3962.6791249360076,False
2022-01-12 12:00:00,2022-01-12 16:00:00,L,9827.444229841298,True
2022-01-13 08:00:00,2022-01-13 12:00:00,L,-4009.59724577525,False
2022-01-13 16:00:00,2022-01-14 00:00:00,L,9943.80116952262,True
2022-01-14 12:00:00,2022-01-14 16:00:00,L,-4057.070877165229,False
2022-01-14 20:00:00,2022-01-17 00:00:00,L,-3272.9949426832973,False
2022-01-17 16:00:00,2022-01-18 04:00:00,L,-3998.4303506064407,False
2022-01-18 12:00:00,2022-01-18 20:00:00,L,1107.2974958044358,True
2022-01-19 08:00:00,2022-01-19 12:00:00,L,9938.253219420061,True
2022-01-20 08:00:00,2022-01-20 12:00:00,L,10137.018283808462,True
2022-01-21 00:00:00,2022-01-21 08:00:00,L,-766.9689074528723,False
2022-01-21 20:00:00,2022-01-24 00:00:00,L,1589.9436486981858,True
2022-01-26 04:00:00,2022-01-26 08:00:00,L,-4142.487257723815,False
2022-02-08 08:00:00,2022-02-08 16:00:00,L,8605.31482745515,True
2022-02-11 00:00:00,2022-02-11 04:00:00,L,-4178.189878281665,False
2022-02-14 04:00:00,2022-02-14 12:00:00,L,3539.5142099531777,True
2022-02-15 12:00:00,2022-02-15 16:00:00,L,-4173.0804729350375,False
2022-02-18 04:00:00,2022-02-18 08:00:00,L,-4139.6958291515575,False
2022-02-21 08:00:00,2022-02-21 16:00:00,L,5844.89274590379,True
2022-02-22 12:00:00,2022-02-22 16:00:00,L,10383.343511213938,True
2022-02-23 08:00:00,2022-02-23 12:00:00,L,10591.010381438218,True
2022-02-24 16:00:00,2022-02-24 20:00:00,L,-4321.132235626793,False
2022-02-25 12:00:00,2022-02-27 20:00:00,L,13095.92917601303,True
2022-02-28 08:00:00,2022-02-28 16:00:00,L,-3003.041541510741,False
2022-03-02 20:00:00,2022-03-03 04:00:00,L,-1939.6908119198608,False
2022-03-03 16:00:00,2022-03-04 00:00:00,L,6208.243801578844,True
2022-03-04 08:00:00,2022-03-04 12:00:00,L,11003.63675683767,True
2022-03-09 12:00:00,2022-03-09 16:00:00,L,-4489.48379678977,False
2022-03-11 04:00:00,2022-03-11 08:00:00,L,-4453.567926415452,False
2022-03-14 04:00:00,2022-03-14 08:00:00,L,-4417.939383004128,False
2022-03-17 20:00:00,2022-03-18 08:00:00,L,-2384.561433591277,False
2022-03-24 12:00:00,2022-03-24 20:00:00,L,943.320799710621,True
2022-03-25 08:00:00,2022-03-25 12:00:00,L,-4371.06594286905,False
2022-03-30 12:00:00,2022-03-30 20:00:00,L,1861.7047603767726,True
2022-03-31 04:00:00,2022-03-31 12:00:00,L,11318.257043653226,True
2022-04-01 00:00:00,2022-04-01 04:00:00,L,-4441.537109758338,False
2022-04-04 04:00:00,2022-04-04 08:00:00,L,11015.012032200677,True
2022-04-08 04:00:00,2022-04-08 12:00:00,L,3450.5685688910835,True
2022-04-11 20:00:00,2022-04-12 04:00:00,L,2502.2653414289207,True
2022-04-14 04:00:00,2022-04-14 08:00:00,L,-4541.747580420437,False
2022-04-18 20:00:00,2022-04-19 04:00:00,L,-2645.707459163494,False
2022-04-19 16:00:00,2022-04-19 20:00:00,L,-4484.247940103764,False
2022-04-21 12:00:00,2022-04-21 16:00:00,L,11120.934891457337,True
2022-06-02 04:00:00,2022-06-02 12:00:00,L,6093.851818252922,True
2022-06-10 04:00:00,2022-06-10 08:00:00,L,-4586.092250260616,False
2022-08-02 08:00:00,2022-08-02 12:00:00,L,11373.50878064633,True
2022-08-02 20:00:00,2022-08-03 00:00:00,L,-4640.391582503703,False
2022-08-03 16:00:00,2022-08-04 00:00:00,L,4530.366942298904,True
2022-08-05 16:00:00,2022-08-07 20:00:00,L,205.6304277875028,True
2022-08-10 08:00:00,2022-08-10 12:00:00,L,11602.891072010914,True
2022-08-10 20:00:00,2022-08-11 00:00:00,L,-4733.979557380453,False
2022-08-11 20:00:00,2022-08-12 04:00:00,L,7611.067268736021,True
2022-08-12 12:00:00,2022-08-12 16:00:00,L,11892.490647678245,True
2022-08-15 04:00:00,2022-08-15 08:00:00,L,-4852.136184252724,False
2022-08-16 08:00:00,2022-08-16 12:00:00,L,-4813.3190947787025,False
2022-10-05 04:00:00,2022-10-05 08:00:00,L,-4774.812542020472,False
2022-10-06 12:00:00,2022-10-06 16:00:00,L,-4736.614041684309,False
2022-10-07 08:00:00,2022-10-07 12:00:00,L,-4698.721129350834,False
2022-10-09 20:00:00,2022-10-10 00:00:00,L,-4661.131360316028,False
2022-11-07 08:00:00,2022-11-07 16:00:00,L,7311.896373482981,True
2022-11-08 00:00:00,2022-11-08 04:00:00,L,-4682.337480421364,False
2022-11-09 04:00:00,2022-11-09 08:00:00,L,-4644.878780577992,False
2022-11-09 20:00:00,2022-11-10 04:00:00,L,5255.384595198741,True
2022-11-10 08:00:00,2022-11-10 12:00:00,L,11624.407067737395,True
2022-11-14 12:00:00,2022-11-14 20:00:00,L,8419.724355181079,True
2022-11-15 16:00:00,2022-11-16 00:00:00,L,6068.825175490744,True
2022-11-16 04:00:00,2022-11-16 08:00:00,L,12146.66619970558,True
2022-11-16 20:00:00,2022-11-17 00:00:00,L,-4955.839809479877,False
2022-11-21 00:00:00,2022-11-21 04:00:00,L,-4916.193091004037,False
2022-11-22 16:00:00,2022-11-22 20:00:00,L,-4876.863546276005,False
2022-11-23 04:00:00,2022-11-23 08:00:00,L,12094.621594764492,True
2022-11-25 12:00:00,2022-11-25 16:00:00,L,12336.514026659785,True
2022-11-28 16:00:00,2022-11-28 20:00:00,L,-5033.2977228771915,False
2022-11-29 20:00:00,2022-11-30 04:00:00,L,6337.858877813949,True
2022-11-30 16:00:00,2022-11-30 20:00:00,L,12609.335530291712,True
2022-12-02 04:00:00,2022-12-02 12:00:00,L,1273.817975100336,True
2022-12-02 16:00:00,2022-12-02 20:00:00,L,12886.998600399551,True
2022-12-05 12:00:00,2022-12-05 16:00:00,L,-5257.895428963017,False
2022-12-06 20:00:00,2022-12-07 04:00:00,L,2081.5467342383286,True
2022-12-08 12:00:00,2022-12-08 20:00:00,L,7980.049107700457,True
2022-12-11 20:00:00,2022-12-12 00:00:00,L,-5296.325032266824,False
2022-12-12 16:00:00,2022-12-12 20:00:00,L,-5253.95443200869,False
2022-12-14 12:00:00,2022-12-14 16:00:00,L,-5211.92279655262,False
2022-12-15 08:00:00,2022-12-15 12:00:00,L,-5170.227414180199,False
2022-12-16 08:00:00,2022-12-16 12:00:00,L,12822.163987166894,True
2022-12-19 16:00:00,2022-12-20 00:00:00,L,-3075.7836158265286,False
2022-12-21 04:00:00,2022-12-21 12:00:00,L,-398.9316922389827,False
2022-12-22 00:00:00,2022-12-22 04:00:00,L,-5203.645184299568,False
2022-12-22 16:00:00,2022-12-23 00:00:00,L,-2243.761108151039,False
2022-12-23 16:00:00,2022-12-23 20:00:00,L,-5144.065933959964,False
2022-12-28 04:00:00,2022-12-28 08:00:00,L,-5102.913406488285,False
2022-12-28 12:00:00,2022-12-28 16:00:00,L,-5062.090099236379,False
2023-01-03 16:00:00,2023-01-04 00:00:00,L,3319.0919150448285,True
2023-01-05 08:00:00,2023-01-05 12:00:00,L,-5048.146113762847,False
2023-01-05 16:00:00,2023-01-05 20:00:00,L,-5007.760944852744,False
2023-01-09 20:00:00,2023-01-10 04:00:00,L,892.9772295970504,True
2023-01-11 16:00:00,2023-01-12 00:00:00,L,14109.714246805712,True
2023-01-13 08:00:00,2023-01-13 12:00:00,L,-5087.720389105144,False
2023-01-16 08:00:00,2023-01-16 20:00:00,L,-1395.7578898865547,False
2023-01-17 04:00:00,2023-01-17 08:00:00,L,-5035.85256287321,False
2023-01-17 20:00:00,2023-01-18 00:00:00,L,-4995.565742370226,False
2023-01-18 04:00:00,2023-01-18 08:00:00,L,12389.00304107816,True
2023-01-18 20:00:00,2023-01-19 08:00:00,L,8759.864958244592,True
2023-01-20 16:00:00,2023-01-23 00:00:00,L,2418.734085838522,True
2023-01-23 08:00:00,2023-01-23 12:00:00,L,-5144.142033112554,False
2023-01-25 08:00:00,2023-01-25 12:00:00,L,-5102.988896847653,False
2023-01-26 16:00:00,2023-01-27 00:00:00,L,5806.038685330446,True
2023-01-27 08:00:00,2023-01-27 12:00:00,L,-5108.6132951555155,False
2023-01-30 04:00:00,2023-01-30 08:00:00,L,-5067.744388794272,False
2023-01-30 20:00:00,2023-01-31 04:00:00,L,-4041.063734006099,False
2023-02-01 08:00:00,2023-02-01 16:00:00,L,153.1771177966803,True
2023-02-02 16:00:00,2023-02-02 20:00:00,L,-4996.099340754242,False
2023-03-13 08:00:00,2023-03-13 12:00:00,L,12390.326365070521,True
2023-03-14 04:00:00,2023-03-14 12:00:00,L,1146.578645943988,True
2023-03-15 08:00:00,2023-03-15 12:00:00,L,12661.06446529081,True
2023-03-16 04:00:00,2023-03-16 12:00:00,L,10776.396895792233,True
2023-03-20 16:00:00,2023-03-21 00:00:00,L,3607.7767909163217,True
2023-03-21 08:00:00,2023-03-21 12:00:00,L,-5280.78769133232,False
2023-03-24 08:00:00,2023-03-24 16:00:00,L,-2364.156608968539,False
2023-03-27 12:00:00,2023-03-27 20:00:00,L,2285.2842185432255,True
2023-03-28 08:00:00,2023-03-28 12:00:00,L,13094.776026695647,True
2023-03-29 04:00:00,2023-03-29 08:00:00,L,-5342.668618891824,False
2023-03-29 16:00:00,2023-03-30 04:00:00,L,-1161.8618812599054,False
2023-03-31 20:00:00,2023-04-02 20:00:00,L,-5290.63237489061,False
2023-04-04 04:00:00,2023-04-04 12:00:00,L,4635.6524199281475,True
2023-04-06 04:00:00,2023-04-06 12:00:00,L,-5285.3925352509095,False
2023-04-06 20:00:00,2023-04-10 00:00:00,L,-5243.109394968903,False
2023-04-10 04:00:00,2023-04-10 12:00:00,L,-3006.5398777710084,False
2023-04-12 12:00:00,2023-04-12 20:00:00,L,5623.549170809651,True
2023-04-14 08:00:00,2023-04-14 12:00:00,L,-5222.10059415346,False
2023-04-17 16:00:00,2023-04-18 00:00:00,L,2766.6799958241218,True
2023-04-19 04:00:00,2023-04-19 08:00:00,L,-5202.457229366825,False
2023-04-21 04:00:00,2023-04-21 08:00:00,L,-5160.83757153189,False
2023-04-24 08:00:00,2023-04-24 12:00:00,L,-5119.550870959635,False
2023-04-25 08:00:00,2023-04-25 16:00:00,L,11593.92261959795,True
2023-04-26 20:00:00,2023-04-27 00:00:00,L,12928.364612371854,True
2023-04-27 16:00:00,2023-04-28 00:00:00,L,4269.726113817965,True
2023-04-28 08:00:00,2023-04-28 12:00:00,L,-5308.930570758261,False
2023-05-01 16:00:00,2023-05-02 00:00:00,L,-226.87462143416442,False
2023-05-03 12:00:00,2023-05-03 16:00:00,L,13161.610323051802,True
2023-05-04 08:00:00,2023-05-04 12:00:00,L,13424.84252951284,True
2023-05-05 08:00:00,2023-05-05 12:00:00,L,-5477.335752041238,False
2023-05-09 00:00:00,2023-05-09 08:00:00,L,6077.387707808114,True
2023-05-10 16:00:00,2023-05-11 00:00:00,L,5337.652096238098,True
2023-05-11 08:00:00,2023-05-11 12:00:00,L,-5524.837384457279,False
2023-05-11 20:00:00,2023-05-12 04:00:00,L,-2597.5919890489604,False
2023-05-15 20:00:00,2023-05-16 04:00:00,L,426.31432253489663,True
2023-07-12 12:00:00,2023-07-12 16:00:00,L,13658.171160123773,True
2023-07-13 16:00:00,2023-07-14 00:00:00,L,7087.17616311644,True
2023-07-14 08:00:00,2023-07-14 16:00:00,L,2290.3658592226616,True
2023-07-17 04:00:00,2023-07-17 12:00:00,L,10091.502153673378,True
2023-07-19 04:00:00,2023-07-19 08:00:00,L,-5728.286186738599,False
2023-07-19 12:00:00,2023-07-19 20:00:00,L,5816.972403226959,True
2023-07-20 08:00:00,2023-07-20 12:00:00,L,-5728.995676470506,False
2023-07-21 08:00:00,2023-07-21 12:00:00,L,-5683.163711058743,False
2023-07-21 16:00:00,2023-07-23 20:00:00,L,-2546.628071897185,False
2023-07-24 16:00:00,2023-07-24 20:00:00,L,-5617.325376795095,False
2023-07-31 04:00:00,2023-07-31 08:00:00,L,-5572.386773780733,False
2023-08-28 08:00:00,2023-08-28 16:00:00,L,25362.711639793546,True
2023-08-29 12:00:00,2023-08-29 16:00:00,L,14326.773431772091,True
2023-09-01 00:00:00,2023-09-01 08:00:00,L,9216.908749285434,True
2023-09-04 12:00:00,2023-09-04 16:00:00,L,-5919.058830157297,False
2023-09-05 12:00:00,2023-09-05 16:00:00,L,-5871.706359516039,False
2023-09-19 20:00:00,2023-09-20 00:00:00,L,-5824.732708639911,False
2023-09-20 08:00:00,2023-09-20 12:00:00,L,14445.337117426978,True
2023-09-20 20:00:00,2023-09-21 00:00:00,L,-5893.697543910207,False
2023-09-22 20:00:00,2023-09-25 00:00:00,L,-4661.955369255842,False
2023-10-16 04:00:00,2023-10-16 08:00:00,L,-5809.252320604878,False
2023-10-17 04:00:00,2023-10-17 08:00:00,L,14406.945755100098,True
2023-10-17 20:00:00,2023-10-18 04:00:00,L,23297.427599401486,True
2023-10-20 20:00:00,2023-10-22 20:00:00,L,-6064.413288876052,False
2023-10-23 20:00:00,2023-10-24 04:00:00,L,4672.197479969449,True
2023-10-26 12:00:00,2023-10-26 16:00:00,L,-6053.2755624047995,False
2023-10-27 12:00:00,2023-10-27 16:00:00,L,15012.123394763903,True
2023-10-30 08:00:00,2023-10-30 16:00:00,L,7468.513503467125,True
2023-10-31 04:00:00,2023-10-31 12:00:00,L,13091.072133308182,True
2023-10-31 16:00:00,2023-10-31 20:00:00,L,-6289.423030157875,False
2023-11-01 20:00:00,2023-11-02 04:00:00,L,10617.776996007602,True
2023-11-06 16:00:00,2023-11-06 20:00:00,L,-6324.049861884672,False
2023-11-15 16:00:00,2023-11-15 20:00:00,L,-6273.457462989595,False
2023-11-16 00:00:00,2023-11-16 08:00:00,L,11793.556798072084,True
2023-11-17 16:00:00,2023-11-19 20:00:00,L,-4950.74677850752,False
2023-11-20 12:00:00,2023-11-20 20:00:00,L,9234.107578492194,True
2023-11-22 04:00:00,2023-11-22 08:00:00,L,15879.71286017533,True
2023-11-22 20:00:00,2023-11-23 04:00:00,L,9404.523304868779,True
2023-11-23 16:00:00,2023-11-24 00:00:00,L,7360.513210544395,True
2023-11-27 16:00:00,2023-11-28 04:00:00,L,9738.259883243421,True
2023-11-29 08:00:00,2023-11-29 12:00:00,L,-6690.949218140787,False
2023-11-30 12:00:00,2023-11-30 16:00:00,L,-6637.42162439566,False
2023-12-04 04:00:00,2023-12-04 08:00:00,L,-6584.322251400495,False
2023-12-05 16:00:00,2023-12-06 00:00:00,L,3878.9693659333834,True
2023-12-06 12:00:00,2023-12-06 20:00:00,L,8762.019867193772,True
2023-12-07 16:00:00,2023-12-08 00:00:00,L,-1584.5321508166624,False
2023-12-13 04:00:00,2023-12-13 12:00:00,L,8854.30765250489,True
2023-12-14 20:00:00,2023-12-15 04:00:00,L,4064.283913532887,True
2023-12-15 16:00:00,2023-12-15 20:00:00,L,-6723.448062576077,False
2023-12-19 04:00:00,2023-12-19 12:00:00,L,6335.424771206045,True
2023-12-20 04:00:00,2023-12-20 08:00:00,L,-6720.343876245116,False
2023-12-20 12:00:00,2023-12-20 16:00:00,L,-6666.581125235155,False
2023-12-22 20:00:00,2023-12-26 00:00:00,L,2681.1802780635744,True
2023-12-26 16:00:00,2023-12-26 20:00:00,L,16586.744796144456,True
2023-12-28 12:00:00,2023-12-28 16:00:00,L,-6767.391876826938,False
2023-12-29 00:00:00,2023-12-29 08:00:00,L,3677.898411667975,True
2024-01-02 16:00:00,2024-01-03 00:00:00,L,7778.826072002417,True
2024-01-03 16:00:00,2024-01-04 00:00:00,L,12142.552246038746,True
2024-01-05 08:00:00,2024-01-05 16:00:00,L,17255.11738912499,True
2024-01-29 20:00:00,2024-01-30 04:00:00,L,-1592.600235631337,False
2024-01-30 20:00:00,2024-01-31 04:00:00,L,-5001.255313919683,False
2024-02-01 00:00:00,2024-02-01 08:00:00,L,4517.717620908412,True
2024-02-01 12:00:00,2024-02-01 16:00:00,L,17558.696978334632,True
2024-02-02 16:00:00,2024-02-05 00:00:00,L,909.6123558041672,True
2024-02-07 08:00:00,2024-02-07 12:00:00,L,17928.06316501741,True
2024-02-07 20:00:00,2024-02-08 00:00:00,L,-7314.649771327104,False
2024-02-08 04:00:00,2024-02-08 08:00:00,L,-7256.132573156487,False
2024-02-21 00:00:00,2024-02-21 04:00:00,L,17995.208781428086,True
2024-02-27 20:00:00,2024-02-28 04:00:00,L,2128.379253708942,True
2024-02-29 12:00:00,2024-02-29 16:00:00,L,18397.680542130827,True
2024-03-06 00:00:00,2024-03-06 08:00:00,L,-4867.544209180502,False
2024-03-11 04:00:00,2024-03-11 12:00:00,L,4418.779638151311,True
2024-03-12 04:00:00,2024-03-12 08:00:00,L,-7502.663544621144,False
2024-03-14 04:00:00,2024-03-14 08:00:00,L,-7442.642236264175,False
2024-03-18 00:00:00,2024-03-18 04:00:00,L,-7383.101098374062,False
2024-03-19 08:00:00,2024-03-19 12:00:00,L,-7324.0362895870685,False
2024-03-20 08:00:00,2024-03-20 12:00:00,L,-7265.443999270372,False
2024-03-21 16:00:00,2024-03-22 00:00:00,L,6710.965370731412,True
2024-03-22 04:00:00,2024-03-22 08:00:00,L,-7261.008170242061,False
2024-03-26 00:00:00,2024-03-26 08:00:00,L,27.99127228316251,True
2024-03-26 16:00:00,2024-03-27 00:00:00,L,6662.3316380275355,True
2024-04-01 12:00:00,2024-04-01 16:00:00,L,-7256.4426881626105,False
2024-04-03 08:00:00,2024-04-03 16:00:00,L,23294.301998199444,True
2024-04-04 12:00:00,2024-04-04 16:00:00,L,-7384.7455626429055,False
2024-04-04 20:00:00,2024-04-05 00:00:00,L,-7325.667598141762,False
2024-04-05 04:00:00,2024-04-05 12:00:00,L,20746.685806227782,True
2024-04-09 16:00:00,2024-04-10 00:00:00,L,13412.646121892332,True
2024-04-10 12:00:00,2024-04-10 16:00:00,L,-7540.336912781589,False
2024-04-10 20:00:00,2024-04-11 04:00:00,L,14639.161557632257,True
2024-04-11 12:00:00,2024-04-11 16:00:00,L,18992.818774850988,True
2024-04-12 20:00:00,2024-04-15 00:00:00,L,13753.642216288494,True
2024-04-15 08:00:00,2024-04-15 12:00:00,L,-7859.09919786951,False
2024-04-16 08:00:00,2024-04-16 12:00:00,L,19490.566010716386,True
2024-04-17 04:00:00,2024-04-17 12:00:00,L,5455.151262073309,True
2024-04-18 00:00:00,2024-04-18 08:00:00,L,9600.23927509264,True
2024-04-19 08:00:00,2024-04-19 12:00:00,L,-8072.594056669613,False
2024-04-23 04:00:00,2024-04-23 08:00:00,L,-8008.013304216255,False
2024-04-24 12:00:00,2024-04-24 20:00:00,L,3021.859737627133,True
2024-04-26 16:00:00,2024-04-29 00:00:00,L,-2056.0989986046447,False
2024-04-30 00:00:00,2024-04-30 04:00:00,L,-7951.675283694705,False
2024-05-07 08:00:00,2024-05-07 12:00:00,L,-7888.0618814251475,False
2024-05-09 00:00:00,2024-05-09 08:00:00,L,724.769668202296,True
2024-05-10 20:00:00,2024-05-13 00:00:00,L,-7830.755543719364,False
2024-05-16 12:00:00,2024-05-16 16:00:00,L,-7768.10949936961,False
2024-05-21 04:00:00,2024-05-21 12:00:00,L,12892.746805513101,True
2024-05-22 00:00:00,2024-05-22 04:00:00,L,-7809.106597818756,False
2024-05-22 16:00:00,2024-05-22 20:00:00,L,-7746.633745036206,False
2024-05-28 04:00:00,2024-05-28 08:00:00,L,-7684.6606750759165,False
2024-06-06 12:00:00,2024-06-06 16:00:00,L,19057.95847418827,True
2024-07-02 04:00:00,2024-07-02 08:00:00,L,-7775.647057468815,False
2024-07-02 12:00:00,2024-07-02 20:00:00,L,14687.17494674121,True
2024-07-04 20:00:00,2024-07-05 04:00:00,L,10668.590735964493,True
2024-07-08 16:00:00,2024-07-09 00:00:00,L,8407.026502105433,True
2024-07-09 08:00:00,2024-07-09 12:00:00,L,-7983.544218487554,False
2024-07-10 20:00:00,2024-07-11 04:00:00,L,12417.580028242615,True
2024-07-12 04:00:00,2024-07-12 08:00:00,L,-8019.016504965594,False
2024-07-17 16:00:00,2024-07-18 00:00:00,L,-2294.767406120521,False
2024-07-18 16:00:00,2024-07-18 20:00:00,L,-7936.506233676905,False
2024-07-19 20:00:00,2024-07-22 00:00:00,L,16346.105902668174,True
2024-07-22 08:00:00,2024-07-22 12:00:00,L,-8003.7830310288355,False
2024-07-24 20:00:00,2024-07-25 00:00:00,L,-7939.752766780604,False
2024-07-30 16:00:00,2024-07-30 20:00:00,L,19690.5868616159,True
2024-08-01 08:00:00,2024-08-01 12:00:00,L,20084.398598848216,True
2024-08-05 12:00:00,2024-08-05 20:00:00,L,11775.12059747638,True
2024-08-13 04:00:00,2024-08-13 12:00:00,L,3519.7431720336886,True
2024-08-14 16:00:00,2024-08-15 00:00:00,L,6365.540189220762,True
2024-08-16 04:00:00,2024-08-16 08:00:00,L,20919.2946499998,True
2024-08-21 08:00:00,2024-08-21 12:00:00,L,-8535.072217199919,False
2024-08-22 04:00:00,2024-08-22 12:00:00,L,-3824.3964130632344,False
2024-08-26 04:00:00,2024-08-26 08:00:00,L,21090.491170394533,True
2024-08-27 04:00:00,2024-08-27 08:00:00,L,-8604.92039752097,False
2024-08-28 08:00:00,2024-08-28 12:00:00,L,-8536.081034340801,False
2024-08-30 04:00:00,2024-08-30 08:00:00,L,21169.480965165185,True
2024-08-30 16:00:00,2024-09-01 20:00:00,L,194.2975255175512,True
2024-09-02 20:00:00,2024-09-03 00:00:00,L,-8638.702613991536,False
2024-09-03 12:00:00,2024-09-03 20:00:00,L,3287.6500812024537,True
2024-09-04 08:00:00,2024-09-04 12:00:00,L,21489.73548432306,True
2024-09-06 16:00:00,2024-09-06 20:00:00,L,-8767.812077603809,False
2024-09-10 08:00:00,2024-09-10 12:00:00,L,21744.173952457444,True
2024-09-17 04:00:00,2024-09-17 08:00:00,L,-8871.622972602638,False
2024-09-17 16:00:00,2024-09-18 00:00:00,L,13166.89775112003,True
2024-09-18 16:00:00,2024-09-18 20:00:00,L,-8905.985170830776,False
2024-09-23 08:00:00,2024-09-23 12:00:00,L,22086.843223660322,True
2024-09-24 12:00:00,2024-09-24 16:00:00,L,22528.580088133527,True
2024-09-25 08:00:00,2024-09-25 16:00:00,L,1082.6453777785805,True
2024-09-27 08:00:00,2024-09-27 12:00:00,L,-9200.321838980708,False
2024-09-27 16:00:00,2024-09-29 20:00:00,L,11033.65620534763,True
2024-09-30 08:00:00,2024-09-30 12:00:00,L,-9214.988513911645,False
2024-10-02 04:00:00,2024-10-02 08:00:00,L,-9141.268605800351,False
2024-10-02 12:00:00,2024-10-02 20:00:00,L,12759.973092916318,True
2024-10-03 08:00:00,2024-10-03 12:00:00,L,-9170.21824169728,False
2024-10-07 20:00:00,2024-10-08 00:00:00,L,-9096.856495763703,False
2024-10-08 08:00:00,2024-10-08 12:00:00,L,-9024.081643797594,False
2024-10-09 08:00:00,2024-10-09 16:00:00,L,3805.0207617620777,True
2024-10-09 20:00:00,2024-10-10 04:00:00,L,3501.152862534971,True
2024-10-14 16:00:00,2024-10-15 00:00:00,L,4199.210210457517,True
2024-10-15 04:00:00,2024-10-15 12:00:00,L,3216.72395255756,True
2024-10-16 16:00:00,2024-10-17 00:00:00,L,6539.46547657217,True
2024-10-21 16:00:00,2024-10-22 00:00:00,L,2130.0528278001457,True
2024-10-23 16:00:00,2024-10-23 20:00:00,L,-9139.021999380688,False
2024-10-25 04:00:00,2024-10-25 08:00:00,L,-9065.90982338564,False
2024-10-28 04:00:00,2024-10-28 12:00:00,L,3759.1539514099245,True
2024-10-30 12:00:00,2024-10-30 20:00:00,L,14135.092454427617,True
2024-10-31 04:00:00,2024-10-31 08:00:00,L,-9136.536516045258,False
2024-10-31 16:00:00,2024-11-01 00:00:00,L,7687.88092304805,True
2024-11-01 16:00:00,2024-11-01 20:00:00,L,-9124.94727130128,False
2024-11-05 00:00:00,2024-11-05 08:00:00,L,784.3587729001523,True
2024-12-12 16:00:00,2024-12-13 00:00:00,L,1101.1339887023732,True
2025-01-03 08:00:00,2025-01-03 12:00:00,L,-9067.031635223693,False
2025-01-03 16:00:00,2025-01-03 20:00:00,L,-8994.495382141904,False
2025-01-08 04:00:00,2025-01-08 12:00:00,L,7003.179480015032,True
2025-01-13 12:00:00,2025-01-13 16:00:00,L,-8978.564854924889,False
2025-01-15 16:00:00,2025-01-15 20:00:00,L,22266.84084021373,True
2025-01-17 08:00:00,2025-01-17 12:00:00,L,-9084.8710628072,False
2025-01-17 20:00:00,2025-01-19 20:00:00,L,-9012.192094304743,False
2025-01-23 04:00:00,2025-01-23 08:00:00,L,-8940.094557550305,False
2025-01-24 20:00:00,2025-01-26 20:00:00,L,-8868.573801089902,False
2025-01-27 08:00:00,2025-01-27 12:00:00,L,-8797.62521068118,False
2025-01-27 16:00:00,2025-01-28 00:00:00,L,-356.2236245417672,False
2025-01-28 08:00:00,2025-01-28 12:00:00,L,21810.986049998497,True
2025-01-29 08:00:00,2025-01-29 12:00:00,L,-8898.882308399387,False
2025-01-31 20:00:00,2025-02-02 20:00:00,L,-8827.691249932192,False
2025-02-05 20:00:00,2025-02-06 04:00:00,L,6734.050896269438,True
2025-02-06 08:00:00,2025-02-06 12:00:00,L,-8810.942127102891,False
2025-02-07 20:00:00,2025-02-10 00:00:00,L,7944.365510736286,True
2025-02-11 08:00:00,2025-02-11 12:00:00,L,-8804.009514171958,False
2025-02-12 04:00:00,2025-02-12 08:00:00,L,-8733.577438058583,False
2025-02-12 12:00:00,2025-02-12 16:00:00,L,21659.272046385286,True
2025-02-14 16:00:00,2025-02-14 20:00:00,L,-8836.982994925198,False
2025-02-17 20:00:00,2025-02-18 00:00:00,L,-8766.287130965795,False
2025-02-19 16:00:00,2025-02-20 00:00:00,L,13358.660179398876,True
2025-02-21 04:00:00,2025-02-21 08:00:00,L,-8803.026115353261,False
2025-02-24 16:00:00,2025-02-25 00:00:00,L,15714.259254632656,True
2025-02-25 04:00:00,2025-02-25 08:00:00,L,-8858.315980467496,False
2025-02-25 16:00:00,2025-02-26 00:00:00,L,12027.700185566173,True
2025-02-27 04:00:00,2025-02-27 08:00:00,L,-8883.671054108287,False
2025-03-06 08:00:00,2025-03-06 12:00:00,L,-8812.60168567542,False
2025-03-07 20:00:00,2025-03-10 00:00:00,L,13137.919055813352,True
2025-03-10 08:00:00,2025-03-10 12:00:00,L,-8847.204224636525,False
2025-03-10 20:00:00,2025-03-11 04:00:00,L,13992.955019888897,True
2025-03-13 08:00:00,2025-03-13 12:00:00,L,22220.92557749636,True
2025-03-14 16:00:00,2025-03-16 20:00:00,L,834.6841740364714,True
2025-03-17 08:00:00,2025-03-17 16:00:00,L,16516.731985045426,True
2025-03-20 08:00:00,2025-03-20 12:00:00,L,-9204.94896489117,False
2025-03-21 04:00:00,2025-03-21 12:00:00,L,5474.664107786606,True
2025-03-21 16:00:00,2025-03-23 20:00:00,L,11964.52656210716,True
2025-03-24 04:00:00,2025-03-24 08:00:00,L,23177.05724632797,True
2025-03-24 16:00:00,2025-03-24 20:00:00,L,-9456.239356501812,False
2025-03-26 04:00:00,2025-03-26 12:00:00,L,14819.899106123195,True
2025-03-26 16:00:00,2025-03-27 00:00:00,L,8714.858844531116,True
2025-04-01 08:00:00,2025-04-01 12:00:00,L,-9568.867505255033,False
2025-04-01 16:00:00,2025-04-02 00:00:00,L,1634.3973623834536,True
2025-04-03 12:00:00,2025-04-03 20:00:00,L,7783.825618538176,True
2025-04-04 08:00:00,2025-04-04 12:00:00,L,-9567.662349060367,False
2025-04-04 16:00:00,2025-04-06 20:00:00,L,-7189.109413088283,False
2025-04-14 16:00:00,2025-04-15 00:00:00,L,10186.5143210467,True
2025-04-17 08:00:00,2025-04-17 12:00:00,L,-9515.10028953155,False
2025-04-17 16:00:00,2025-04-20 20:00:00,L,22935.24310700088,True
2025-04-22 16:00:00,2025-04-22 20:00:00,L,-9622.461432071304,False
2025-04-23 16:00:00,2025-04-24 00:00:00,L,14657.971147237835,True
2025-04-25 04:00:00,2025-04-25 08:00:00,L,-9662.745509792636,False
2025-04-28 08:00:00,2025-04-28 12:00:00,L,23963.60886428574,True
2025-04-29 04:00:00,2025-04-29 12:00:00,L,-4376.96490264731,False
2025-04-30 04:00:00,2025-04-30 08:00:00,L,-9742.136697407403,False
2025-05-01 00:00:00,2025-05-01 04:00:00,L,-9664.199603828143,False
2025-05-02 16:00:00,2025-05-04 20:00:00,L,6426.232322244724,True
2025-05-07 04:00:00,2025-05-07 12:00:00,L,6887.703229816478,True
2025-05-07 20:00:00,2025-05-08 00:00:00,L,24233.493728535017,True
2025-05-08 08:00:00,2025-05-08 16:00:00,L,-7310.471228801361,False
2025-05-11 20:00:00,2025-05-12 04:00:00,L,6859.006705989548,True
2025-05-22 16:00:00,2025-05-23 00:00:00,L,4196.7467796926285,True
2025-05-26 08:00:00,2025-05-26 12:00:00,L,-9917.227699297333,False
2025-05-27 08:00:00,2025-05-27 12:00:00,L,-9837.889877702955,False
2025-05-30 04:00:00,2025-05-30 12:00:00,L,-213.24363894655258,False
2025-06-03 04:00:00,2025-06-03 12:00:00,L,-1570.8364648245376,False
2025-06-04 12:00:00,2025-06-04 16:00:00,L,24362.285294627905,True
2025-06-05 04:00:00,2025-06-05 08:00:00,L,24849.531000520466,True
2025-06-05 16:00:00,2025-06-06 00:00:00,L,13937.116401615873,True
2025-06-06 12:00:00,2025-06-06 16:00:00,L,-10250.105579425277,False
2025-06-10 04:00:00,2025-06-10 08:00:00,L,25420.261836974685,True
2025-06-11 16:00:00,2025-06-11 20:00:00,L,25928.667073714176,True
2025-06-12 08:00:00,2025-06-12 12:00:00,L,26447.240415188462,True
2025-06-16 04:00:00,2025-06-16 08:00:00,L,-10790.474089396892,False
2025-06-16 20:00:00,2025-06-17 04:00:00,L,3489.933059652589,True
2025-06-18 20:00:00,2025-06-19 04:00:00,L,6749.1527953346485,True
2025-06-20 08:00:00,2025-06-20 12:00:00,L,26965.15745880404,True
2025-07-01 20:00:00,2025-07-02 00:00:00,L,-11001.784243192047,False
2025-07-04 16:00:00,2025-07-07 00:00:00,L,-6059.498306386473,False
2025-07-14 04:00:00,2025-07-14 12:00:00,L,9715.235966578513,True
2025-07-14 16:00:00,2025-07-15 00:00:00,L,170.11951386406184,True
2025-07-17 04:00:00,2025-07-17 08:00:00,L,-10944.376826638962,False
2025-07-18 04:00:00,2025-07-18 08:00:00,L,27142.054530064626,True
2025-07-18 20:00:00,2025-07-21 00:00:00,L,1506.4017637313582,True
2025-07-22 08:00:00,2025-07-22 12:00:00,L,27715.02365594054,True
2025-07-23 04:00:00,2025-07-23 12:00:00,L,8293.145692826061,True
2025-07-23 16:00:00,2025-07-23 20:00:00,L,-11374.074817166349,False
2025-07-24 08:00:00,2025-07-24 12:00:00,L,-11283.082218629017,False
2025-08-01 08:00:00,2025-08-01 12:00:00,L,27982.043902199963,True
2025-08-05 04:00:00,2025-08-05 08:00:00,L,-11416.673912097585,False
2025-08-05 12:00:00,2025-08-05 16:00:00,L,28313.351302002007,True
2025-08-06 04:00:00,2025-08-06 08:00:00,L,-11551.847331216819,False
2025-08-08 12:00:00,2025-08-08 16:00:00,L,-11459.432552567085,False
2025-08-22 04:00:00,2025-08-22 08:00:00,L,-11367.75709214655,False
2025-08-25 20:00:00,2025-08-26 00:00:00,L,-11276.815035409378,False
2025-08-27 04:00:00,2025-08-27 08:00:00,L,-11186.600515126103,False
2025-08-27 12:00:00,2025-08-27 16:00:00,L,27742.76927751274,True
2025-08-29 04:00:00,2025-08-29 08:00:00,L,-11319.049865225197,False
2025-09-02 08:00:00,2025-09-02 12:00:00,L,28071.24366575849,True
2025-09-04 04:00:00,2025-09-04 12:00:00,L,16805.664327180864,True
2025-09-08 04:00:00,2025-09-08 08:00:00,L,28968.781825617283,True
2025-09-09 20:00:00,2025-09-10 04:00:00,L,7773.071197756583,True
2025-09-11 04:00:00,2025-09-11 08:00:00,L,-11881.447554433904,False
2025-09-17 08:00:00,2025-09-17 12:00:00,L,29465.989934996076,True
2025-09-17 20:00:00,2025-09-18 04:00:00,L,-3464.5339907811976,False
2025-09-18 16:00:00,2025-09-19 00:00:00,L,-1154.9304175931236,False
2025-09-24 16:00:00,2025-09-24 20:00:00,L,-11985.168178211405,False
2025-09-30 12:00:00,2025-09-30 16:00:00,L,29723.21708196428,True
2025-10-02 00:00:00,2025-10-02 08:00:00,L,5453.431910635002,True
2025-10-02 16:00:00,2025-10-03 00:00:00,L,28454.95648407805,True
2025-10-07 08:00:00,2025-10-07 12:00:00,L,30995.84919149783,True
2025-10-09 00:00:00,2025-10-09 08:00:00,L,17663.377673882907,True
2025-10-09 16:00:00,2025-10-09 20:00:00,L,-12787.613491522177,False
2025-10-10 04:00:00,2025-10-10 08:00:00,L,31713.281458974998,True
2025-10-17 12:00:00,2025-10-17 16:00:00,L,-12939.018835261799,False
2025-10-21 04:00:00,2025-10-21 08:00:00,L,-12835.506684579706,False
2025-10-22 12:00:00,2025-10-22 20:00:00,L,24758.87566206593,True
2025-10-24 08:00:00,2025-10-24 16:00:00,L,29696.186885167477,True
2025-10-30 04:00:00,2025-10-30 08:00:00,L,32921.15782870234,True
2025-11-07 16:00:00,2025-11-09 20:00:00,L,8890.848262349087,True
2025-11-11 16:00:00,2025-11-11 20:00:00,L,33757.39795052337,True
2025-11-12 04:00:00,2025-11-12 12:00:00,L,14177.563385882053,True
2025-11-13 16:00:00,2025-11-13 20:00:00,L,-13886.43887090059,False
2025-11-14 12:00:00,2025-11-14 16:00:00,L,-13775.347359933387,False
2025-11-18 04:00:00,2025-11-18 12:00:00,L,17706.643585772672,True
2025-11-19 20:00:00,2025-11-20 00:00:00,L,-13806.7977297401,False
2025-11-20 08:00:00,2025-11-20 16:00:00,L,7185.052869275719,True
2025-11-21 04:00:00,2025-11-21 08:00:00,L,-13753.823770856385,False
2025-11-24 04:00:00,2025-11-24 12:00:00,L,15685.713448801333,True
2025-11-27 04:00:00,2025-11-27 12:00:00,L,11631.338647707595,True
2025-12-02 00:00:00,2025-12-02 04:00:00,L,-13862.329597461603,False
2025-12-02 16:00:00,2025-12-02 20:00:00,L,34378.57740170478,True
2025-12-03 20:00:00,2025-12-04 00:00:00,L,-14026.45957989555,False
2025-12-05 20:00:00,2025-12-08 00:00:00,L,-6825.990707027275,False
2025-12-08 16:00:00,2025-12-09 00:00:00,L,14578.123304098248,True
2025-12-10 04:00:00,2025-12-10 08:00:00,L,-13976.264964032955,False
2025-12-10 16:00:00,2025-12-10 20:00:00,L,34661.13711080173,True
2025-12-11 08:00:00,2025-12-11 12:00:00,L,35354.359853017755,True
2025-12-12 16:00:00,2025-12-14 20:00:00,L,8355.874649779746,True
2025-12-15 16:00:00,2025-12-15 20:00:00,L,-14491.425817229483,False
2025-12-16 04:00:00,2025-12-16 08:00:00,L,-14375.494410691646,False
2025-12-16 12:00:00,2025-12-16 16:00:00,L,35651.22613851528,True
2025-12-17 12:00:00,2025-12-17 20:00:00,L,22428.92098341829,True
2025-12-18 12:00:00,2025-12-18 16:00:00,L,36812.82908095396,True
2025-12-18 20:00:00,2025-12-19 00:00:00,L,-15019.634265029217,False
2025-12-19 04:00:00,2025-12-19 12:00:00,L,11797.63497644226,True
2025-12-24 08:00:00,2025-12-24 12:00:00,L,-14993.85827072052,False
2025-12-24 16:00:00,2025-12-25 20:00:00,L,37184.768511386894,True
2025-12-29 08:00:00,2025-12-29 12:00:00,L,-15171.385552645852,False
2025-12-30 16:00:00,2025-12-30 20:00:00,L,-15050.014468224685,False
2026-01-02 16:00:00,2026-01-04 20:00:00,L,20837.726279920902,True
2026-01-07 12:00:00,2026-01-07 20:00:00,L,8864.553768576092,True
2026-01-08 04:00:00,2026-01-08 08:00:00,L,-15167.232592866863,False
2026-01-08 12:00:00,2026-01-08 16:00:00,L,37614.73683030982,True
2026-01-13 08:00:00,2026-01-13 12:00:00,L,38367.03156691602,True
2026-01-15 04:00:00,2026-01-15 12:00:00,L,24928.776025558498,True
2026-01-16 04:00:00,2026-01-16 12:00:00,L,18320.042330723492,True
2026-01-19 12:00:00,2026-01-19 20:00:00,L,12177.411585071786,True
2026-01-20 00:00:00,2026-01-20 04:00:00,L,40242.89679708142,True
2026-01-21 20:00:00,2026-01-22 04:00:00,L,9878.288408474407,True
2026-01-26 20:00:00,2026-01-27 04:00:00,L,29898.8415379841,True
2026-01-29 16:00:00,2026-01-29 20:00:00,L,41843.297331952206,True
2026-01-30 08:00:00,2026-01-30 12:00:00,L,-17072.0653114365,False
2026-02-04 16:00:00,2026-02-05 00:00:00,L,25718.284981555335,True
2026-02-10 16:00:00,2026-02-11 00:00:00,L,12444.978463116,True
2026-02-12 04:00:00,2026-02-12 12:00:00,L,4758.3900172957,True
2026-02-13 00:00:00,2026-02-13 08:00:00,L,28193.552430913114,True
2026-02-16 04:00:00,2026-02-16 12:00:00,L,10671.418380078432,True
2026-02-16 16:00:00,2026-02-17 00:00:00,L,7753.525789151849,True
2026-02-24 04:00:00,2026-02-24 12:00:00,L,500.2399148257451,True
2026-02-26 00:00:00,2026-02-26 08:00:00,L,17707.412204384622,True
2026-02-26 12:00:00,2026-02-26 20:00:00,L,17726.622193014922,True
2026-02-27 08:00:00,2026-02-27 12:00:00,L,44848.210459849244,True
2026-03-02 16:00:00,2026-03-03 00:00:00,L,17782.305564425453,True
2026-03-03 12:00:00,2026-03-03 16:00:00,L,-18440.328312133894,False
2026-03-04 20:00:00,2026-03-05 04:00:00,L,20610.12291892391,True
2026-03-05 20:00:00,2026-03-06 04:00:00,L,36566.10309407262,True
2026-03-06 12:00:00,2026-03-06 16:00:00,L,46875.53873435198,True
2026-03-11 12:00:00,2026-03-11 16:00:00,L,-19125.219803615608,False
2026-03-12 00:00:00,2026-03-12 08:00:00,L,40157.52921573472,True
2026-03-12 16:00:00,2026-03-12 20:00:00,L,-19293.478278912564,False
2026-04-15 04:00:00,2026-04-15 08:00:00,L,-19139.130452681264,False
2026-04-15 20:00:00,2026-04-16 04:00:00,L,28866.7319934467,True
