month_end,equity_end,return_pct,max_dd_pct,worst_day_pct,n_trades,wr_pct,obj_m,obj_dd,obj_wd,obj_tpm,passes,tf
2016-01,104841.4600,4.8415,-1.1946,-0.8973,23,39.1304,True,True,True,True,True,M15
2016-02,119226.5400,13.7208,-0.7188,-0.3000,23,65.2174,True,True,True,True,True,M15
2016-03,122490.4900,2.7376,-0.8973,-0.5991,23,30.4348,True,True,True,True,True,M15
2016-04,129614.1600,5.8157,-1.4117,-0.5991,23,47.8261,True,True,True,True,True,M15
2016-05,131763.4300,1.6582,-2.6678,-0.8973,31,25.8065,False,True,True,True,False,M15
2016-06,146203.2300,10.9589,-1.3671,-0.5991,29,48.2759,True,True,True,True,True,M15
2016-07,156513.5000,7.0520,-2.3750,-1.1946,24,50.0000,True,True,True,True,True,M15
2016-08,163898.8700,4.7187,-2.0836,-1.1946,30,36.6667,True,True,True,True,True,M15
2016-09,172168.9700,5.0459,-2.9598,-1.4910,36,30.5556,True,True,True,True,True,M15
2016-10,184543.8100,7.1876,-0.8973,-0.3000,28,53.5714,True,True,True,True,True,M15
2016-11,191059.1800,3.5305,-1.7866,-0.8973,40,32.5000,True,True,True,True,True,M15
2016-12,205941.3900,7.7893,-0.8973,-0.8973,35,42.8571,True,True,True,True,True,M15
2017-01,219956.1300,6.8052,-1.3597,-0.8973,29,37.9310,True,True,True,True,True,M15
2017-02,234981.7400,6.8312,-1.1946,-1.1946,28,42.8571,True,True,True,True,True,M15
2017-03,244459.6100,4.0334,-1.7866,-1.1946,30,33.3333,True,True,True,True,True,M15
2017-04,256678.4200,4.9983,-1.1946,-0.8973,19,42.1053,True,True,True,True,True,M15
2017-05,257566.3400,0.3459,-3.0706,-0.8973,25,28.0000,False,True,True,True,False,M15
2017-06,259236.0500,0.6483,-2.0707,-0.8973,24,33.3333,False,True,True,True,False,M15
2017-07,265591.6300,2.4517,-2.3037,-1.1946,30,36.6667,True,True,True,True,True,M15
2017-08,273565.8700,3.0024,-1.4806,-1.1946,27,40.7407,True,True,True,True,True,M15
2017-09,275855.6100,0.8370,-2.2312,-1.1946,26,26.9231,False,True,True,True,False,M15
2017-10,281589.6700,2.0786,-1.7773,-1.1946,35,37.1429,True,True,True,True,True,M15
2017-11,280152.8800,-0.5102,-2.2214,-0.5991,20,30.0000,False,True,True,True,False,M15
2017-12,296077.1600,5.6841,-1.5720,-0.5991,20,35.0000,True,True,True,True,True,M15
2018-01,306648.7000,3.5705,-2.0033,-1.1946,32,31.2500,True,True,True,True,True,M15
2018-02,301536.8800,-1.6670,-3.2509,-1.4910,32,25.0000,False,True,True,True,False,M15
2018-03,308310.7300,2.2464,-1.7866,-0.8973,25,36.0000,True,True,True,True,True,M15
2018-04,302316.0900,-1.9443,-2.6649,-1.1946,22,22.7273,False,True,True,True,False,M15
2018-05,308324.5800,1.9875,-1.1946,-0.5991,18,33.3333,False,True,True,True,False,M15
2018-06,323242.1200,4.8383,-1.1946,-0.8973,26,50.0000,True,True,True,True,True,M15
2018-07,325919.2500,0.8282,-1.9143,-0.8973,34,26.4706,False,True,True,True,False,M15
2018-08,329136.1600,0.9870,-2.2267,-0.8040,23,34.7826,False,True,True,True,False,M15
2018-09,322651.5200,-1.9702,-2.4240,-0.5991,23,30.4348,False,True,True,True,False,M15
2018-10,356207.4100,10.4000,-2.1137,-0.8973,32,43.7500,True,True,True,True,True,M15
2018-11,347954.5200,-2.3169,-2.3580,-0.7187,18,27.7778,False,True,True,True,False,M15
2018-12,378018.8800,8.6403,-2.1986,-1.4910,34,44.1176,True,True,True,True,True,M15
2019-01,405668.1300,7.3143,-1.1946,-0.3000,26,57.6923,True,True,True,True,True,M15
2019-02,423951.2900,4.5069,-1.1946,-1.1946,20,40.0000,True,True,True,True,True,M15
2019-03,449182.4800,5.9514,-2.1078,-0.7083,24,45.8333,True,True,True,True,True,M15
2019-04,450536.3200,0.3014,-2.4256,-1.0257,29,37.9310,False,True,True,True,False,M15
2019-05,455610.3300,1.1262,-1.1946,-1.1946,23,30.4348,False,True,True,True,False,M15
2019-06,463159.9100,1.6570,-1.5705,-0.8973,28,39.2857,False,True,True,True,False,M15
2019-07,467766.7000,0.9946,-2.2692,-0.8973,20,30.0000,False,True,True,True,False,M15
2019-08,493010.8700,5.3967,-1.0234,-0.8973,21,52.3810,True,True,True,True,True,M15
2019-09,503822.2700,2.1929,-3.8096,-1.1946,30,26.6667,True,True,True,True,True,M15
2019-10,532809.5700,5.7535,-2.0744,-0.8973,30,43.3333,True,True,True,True,True,M15
2019-11,525024.7800,-1.4611,-4.3466,-1.4910,39,20.5128,False,True,True,True,False,M15
2019-12,541607.0900,3.1584,-1.6618,-1.4910,37,29.7297,True,True,True,True,True,M15
2020-01,567845.3600,4.8445,-1.4829,-0.7469,30,43.3333,True,True,True,True,True,M15
2020-02,575086.2300,1.2751,-2.3784,-1.1946,20,35.0000,False,True,True,True,False,M15
2020-03,650726.2600,13.1528,-0.8973,-0.5991,27,59.2593,True,True,True,True,True,M15
2020-04,677801.6100,4.1608,-1.0070,-0.5991,19,47.3684,True,True,True,True,True,M15
2020-05,688248.4300,1.5413,-0.7866,-0.5991,11,45.4545,False,True,True,True,False,M15
2020-06,699395.7900,1.6197,-1.7866,-1.1946,34,26.4706,False,True,True,True,False,M15
2020-07,727779.1300,4.0583,-1.9420,-0.5991,30,40.0000,True,True,True,True,True,M15
2020-08,750689.5800,3.1480,-2.0602,-1.1946,26,42.3077,True,True,True,True,True,M15
2020-09,790407.7600,5.2909,-1.5582,-0.5991,31,41.9355,True,True,True,True,True,M15
2020-10,843763.0100,6.7503,-1.9757,-0.8973,25,44.0000,True,True,True,True,True,M15
2020-11,885195.6800,4.9105,-0.9439,-0.8973,31,41.9355,True,True,True,True,True,M15
2020-12,920500.2700,3.9883,-1.4910,-0.8973,28,39.2857,True,True,True,True,True,M15
2021-01,974991.6000,5.9198,-1.7866,-1.1946,32,37.5000,True,True,True,True,True,M15
2021-02,977939.9600,0.3024,-1.9036,-1.1946,17,29.4118,False,True,True,True,False,M15
2021-03,959467.5500,-1.8889,-3.2396,-1.4910,34,23.5294,False,True,True,True,False,M15
2021-04,955803.0100,-0.3819,-2.8268,-1.1946,23,26.0870,False,True,True,True,False,M15
2021-05,1079470.2600,12.9386,-0.8973,-0.5100,41,48.7805,True,True,True,True,True,M15
2021-06,1097842.8000,1.7020,-1.8394,-0.8973,39,35.8974,False,True,True,True,False,M15
2021-07,1122684.4500,2.2628,-2.6168,-1.1946,22,31.8182,True,True,True,True,True,M15
2021-08,1161421.9500,3.4504,-2.4372,-1.4910,35,34.2857,True,True,True,True,True,M15
2021-09,1237041.6700,6.5110,-1.4916,-1.1946,33,36.3636,True,True,True,True,True,M15
2021-10,1291785.9100,4.4254,-1.0834,-0.5991,19,47.3684,True,True,True,True,True,M15
2021-11,1372668.7400,6.2613,-2.3750,-1.4910,37,32.4324,True,True,True,True,True,M15
2021-12,1399023.0800,1.9199,-1.3595,-0.7918,24,37.5000,False,True,True,True,False,M15
2022-01,1524073.0400,8.9384,-1.4910,-1.4910,32,40.6250,True,True,True,True,True,M15
2022-02,1589044.1400,4.2630,-2.5907,-0.8973,23,34.7826,True,True,True,True,True,M15
2022-03,1748585.5500,10.0401,-1.4910,-1.4910,29,48.2759,True,True,True,True,True,M15
2022-04,1891251.8000,8.1590,-1.7866,-0.8973,35,42.8571,True,True,True,True,True,M15
2022-05,1884464.0100,-0.3589,-2.3032,-0.8973,22,27.2727,False,True,True,True,False,M15
2022-06,2083807.2700,10.5782,-1.1946,-1.1946,26,53.8462,True,True,True,True,True,M15
2022-07,2205077.9100,5.8197,-1.1946,-0.5991,27,51.8519,True,True,True,True,True,M15
2022-08,2435576.9800,10.4531,-1.7345,-0.8973,32,50.0000,True,True,True,True,True,M15
2022-09,2458301.6600,0.9330,-2.4670,-0.8973,35,31.4286,False,True,True,True,False,M15
2022-10,2544468.8100,3.5051,-1.9845,-1.4910,37,29.7297,True,True,True,True,True,M15
2022-11,2719758.9100,6.8891,-1.3449,-0.8973,32,40.6250,True,True,True,True,True,M15
2022-12,3019893.0100,11.0353,-1.5556,-1.1946,33,39.3939,True,True,True,True,True,M15
2023-01,3181256.2000,5.3433,-1.8572,-0.8973,35,34.2857,True,True,True,True,True,M15
2023-02,3384683.1900,6.3945,-1.4910,-0.8973,35,34.2857,True,True,True,True,True,M15
2023-03,3418244.8100,0.9916,-1.9945,-1.1946,33,27.2727,False,True,True,True,False,M15
2023-04,3517316.5800,2.8983,-1.1418,-0.5991,12,50.0000,True,True,True,True,True,M15
2023-05,3771662.1200,7.2312,-1.1946,-0.8973,29,41.3793,True,True,True,True,True,M15
2023-06,3892361.4100,3.2002,-1.1946,-0.8973,23,34.7826,True,True,True,True,True,M15
2023-07,3996483.6300,2.6750,-1.1948,-0.8975,19,36.8421,True,True,True,True,True,M15
2023-08,4228677.8800,5.8100,-2.0812,-0.8973,39,33.3333,True,True,True,True,True,M15
2023-09,4622819.1900,9.3207,-1.1946,-0.8973,29,44.8276,True,True,True,True,True,M15
2023-10,4984372.5200,7.8211,-1.5103,-1.1946,33,42.4242,True,True,True,True,True,M15
2023-11,5134984.3000,3.0217,-2.5588,-1.1946,28,32.1429,True,True,True,True,True,M15
2023-12,5124523.1100,-0.2037,-3.6943,-1.1946,28,25.0000,False,True,True,True,False,M15
2024-01,5377935.0200,4.9451,-1.7866,-1.4910,30,40.0000,True,True,True,True,True,M15
2024-02,5315707.8300,-1.1571,-4.0441,-1.5491,27,22.2222,False,True,True,True,False,M15
2024-03,5618742.4900,5.7007,-1.7866,-1.1946,24,41.6667,True,True,True,True,True,M15
2024-04,5678043.4100,1.0554,-2.7754,-1.1946,35,28.5714,False,True,True,True,False,M15
2024-05,5558076.5300,-2.1128,-2.6995,-1.4910,35,25.7143,False,True,True,True,False,M15
2024-06,5664427.0000,1.9134,-4.1191,-1.4910,29,24.1379,False,True,True,True,False,M15
2024-07,5737462.9000,1.2894,-3.3983,-1.4910,50,32.0000,False,True,True,True,False,M15
2024-08,5963364.4900,3.9373,-2.2801,-1.0534,48,37.5000,True,True,True,True,True,M15
2024-09,6340447.2500,6.3233,-1.7866,-1.4910,47,42.5532,True,True,True,True,True,M15
2024-10,6309321.5500,-0.4909,-2.1772,-1.4910,42,26.1905,False,True,True,True,False,M15
2024-11,6162389.8700,-2.3288,-4.4067,-1.4910,29,20.6897,False,True,True,True,False,M15
2024-12,6616948.1300,7.3763,-1.5153,-1.4910,43,37.2093,True,True,True,True,True,M15
2025-01,6836308.0700,3.3151,-2.0812,-1.4910,56,28.5714,True,True,True,True,True,M15
2025-02,7427499.6500,8.6478,-2.4566,-1.4910,40,52.5000,True,True,True,True,True,M15
2025-03,8456694.9200,13.8566,-0.9016,-0.8973,38,60.5263,True,True,True,True,True,M15
2025-04,8517757.9400,0.7221,-3.2204,-1.4910,46,36.9565,False,True,True,True,False,M15
2025-05,8568648.6900,0.5975,-3.1952,-1.4910,38,36.8421,False,True,True,True,False,M15
2025-06,8926058.9300,4.1711,-2.0689,-0.8973,39,38.4615,True,True,True,True,True,M15
2025-07,9289087.3900,4.0671,-2.8110,-1.1946,45,33.3333,True,True,True,True,True,M15
2025-08,10122229.6300,8.9690,-2.4293,-1.1946,46,39.1304,True,True,True,True,True,M15
2025-09,10178198.3900,0.5529,-4.4776,-1.4910,45,28.8889,False,True,True,True,False,M15
2025-10,11017466.6600,8.2457,-1.6186,-0.9895,47,46.8085,True,True,True,True,True,M15
2025-11,11229144.9200,1.9213,-2.5429,-0.8973,41,31.7073,False,True,True,True,False,M15
2025-12,11990136.9800,6.7769,-3.0169,-1.4910,56,41.0714,True,True,True,True,True,M15
2026-01,13108064.8100,9.3237,-1.3349,-1.1946,45,51.1111,True,True,True,True,True,M15
2026-02,12994753.0200,-0.8644,-2.3305,-1.4910,44,27.2727,False,True,True,True,False,M15
2026-03,13325566.7800,2.5457,-2.9598,-1.4910,36,33.3333,True,True,True,True,True,M15
2026-04,13435680.0100,0.8263,-2.2651,-1.1160,38,34.2105,False,True,True,True,False,M15
2026-05,13265284.1400,-1.2682,-1.7866,-1.4910,7,14.2857,False,True,True,True,False,M15
2016-01,100472.5600,0.4726,-1.4925,-0.5000,8,37.5000,False,True,True,True,False,30M
2016-02,104189.0300,3.6990,-2.9627,-0.5000,11,36.3636,True,True,True,True,True,30M
2016-03,104459.1900,0.2593,-1.9850,-0.9975,12,25.0000,False,True,True,True,False,30M
2016-04,103598.7200,-0.8237,-2.4751,-0.9975,11,27.2727,False,True,True,True,False,30M
2016-05,103552.4200,-0.0447,-1.9850,-1.4925,12,25.0000,False,True,True,True,False,30M
2016-06,116869.5200,12.8603,-0.9975,-0.8071,20,65.0000,True,True,True,True,True,30M
2016-07,120387.7100,3.0104,-3.4479,-0.9975,11,36.3636,True,True,True,True,True,30M
2016-08,123351.1400,2.4616,-2.9627,-0.9975,15,33.3333,True,True,True,True,True,30M
2016-09,121373.3000,-1.6034,-3.5279,-1.4925,14,21.4286,False,True,True,True,False,30M
2016-10,119296.1000,-1.7114,-4.1156,-1.4925,15,20.0000,False,True,True,True,False,30M
2016-11,122447.5800,2.6417,-1.4925,-0.9975,16,37.5000,True,True,True,True,True,30M
2016-12,124323.4500,1.5320,-1.9850,-0.9975,18,33.3333,False,True,True,True,False,30M
2017-01,127421.7300,2.4921,-1.4925,-0.5000,7,42.8571,True,True,True,True,True,30M
2017-02,136651.0800,7.2432,-1.9850,-1.4925,15,53.3333,True,True,True,True,True,30M
2017-03,151375.2300,10.7750,-0.6730,-0.5000,12,66.6667,True,True,True,True,True,30M
2017-04,149820.6000,-1.0270,-2.4751,-0.9975,10,20.0000,False,True,True,True,False,30M
2017-05,149004.8800,-0.5445,-4.8890,-0.9975,13,23.0769,False,True,True,True,False,30M
2017-06,148193.5900,-0.5445,-2.4751,-1.4925,13,23.0769,False,True,True,True,False,30M
2017-07,149307.8200,0.7519,-1.9850,-0.9975,14,35.7143,False,True,True,True,False,30M
2017-08,148584.1700,-0.4847,-1.9997,-0.9975,11,18.1818,False,True,True,True,False,30M
2017-09,149991.8000,0.9474,-2.4751,-0.9975,14,28.5714,False,True,True,True,False,30M
2017-10,153064.8700,2.0488,-1.4925,-1.4925,17,41.1765,True,True,True,True,True,30M
2017-11,149320.1800,-2.4465,-2.9627,-0.9975,12,16.6667,False,True,True,True,False,30M
2017-12,165415.5400,10.7791,-0.9975,-0.5000,13,69.2308,True,True,True,True,True,30M
2018-01,162873.8700,-1.5365,-2.4751,-0.9975,15,20.0000,False,True,True,True,False,30M
2018-02,161314.5000,-0.9574,-2.4897,-0.9975,17,23.5294,False,True,True,True,False,30M
2018-03,166140.7100,2.9918,-1.4925,-0.9975,10,40.0000,True,True,True,True,True,30M
2018-04,173936.3500,4.6922,-0.9975,-0.9975,13,53.8462,True,True,True,True,True,30M
2018-05,177379.6900,1.9797,-1.4925,-0.5000,7,28.5714,False,True,True,True,False,30M
2018-06,171331.8100,-3.4096,-3.9307,-0.9975,10,20.0000,False,True,True,True,False,30M
2018-07,184747.3200,7.8301,-1.4925,-0.9975,9,66.6667,True,True,True,True,True,30M
2018-08,189945.2800,2.8136,-1.1688,-0.5000,13,38.4615,True,True,True,True,True,30M
2018-09,189538.3000,-0.2143,-1.6743,-0.9975,10,30.0000,False,True,True,True,False,30M
2018-10,202933.6900,7.0674,-1.9850,-0.9975,12,58.3333,True,True,True,True,True,30M
2018-11,209036.2000,3.0071,-0.9975,-0.5000,6,50.0000,True,True,True,False,False,30M
2018-12,214181.7800,2.4616,-1.9850,-1.4925,16,37.5000,True,True,True,True,True,30M
2019-01,230937.7400,7.8232,-1.4925,-0.5000,11,54.5455,True,True,True,True,True,30M
2019-02,240106.4400,3.9702,-1.4925,-1.4925,10,50.0000,True,True,True,True,True,30M
2019-03,236107.9400,-1.6653,-2.9627,-0.9975,9,22.2222,False,True,True,True,False,30M
2019-04,239542.4500,1.4546,-1.4925,-0.9975,13,30.7692,False,True,True,True,False,30M
2019-05,256935.4700,7.2609,-0.9975,-0.5000,13,61.5385,True,True,True,True,True,30M
2019-06,264313.4700,2.8715,-1.9850,-0.5000,12,41.6667,True,True,True,True,True,30M
2019-07,268122.9500,1.4413,-1.0418,-0.5000,7,42.8571,False,True,True,True,False,30M
2019-08,268875.8400,0.2808,-2.9627,-0.9975,14,28.5714,False,True,True,True,False,30M
2019-09,268735.2800,-0.0523,-2.9846,-0.9975,13,23.0769,False,True,True,True,False,30M
2019-10,281157.7800,4.6226,-1.9009,-0.5000,15,46.6667,True,True,True,True,True,30M
2019-11,279879.5500,-0.4546,-3.4479,-1.4925,17,23.5294,False,True,True,True,False,30M
2019-12,284047.2100,1.4891,-2.8468,-0.9975,17,35.2941,False,True,True,True,False,30M
2020-01,293889.0700,3.4649,-1.4925,-0.9975,12,41.6667,True,True,True,True,True,30M
2020-02,295188.1100,0.4420,-1.4925,-0.9975,10,30.0000,False,True,True,True,False,30M
2020-03,302763.0100,2.5661,-0.9975,-0.5000,12,50.0000,True,True,True,True,True,30M
2020-04,313868.6700,3.6681,-0.9975,-0.9975,10,50.0000,True,True,True,True,True,30M
2020-05,310737.8300,-0.9975,-0.9975,-0.5000,2,0.0000,False,True,True,False,False,30M
2020-06,309304.0700,-0.4614,-3.7653,-0.9975,19,36.8421,False,True,True,True,False,30M
2020-07,316813.3600,2.4278,-2.4751,-0.9975,16,37.5000,True,True,True,True,True,30M
2020-08,313877.8500,-0.9266,-2.0276,-0.9975,15,40.0000,False,True,True,True,False,30M
2020-09,321120.2200,2.3074,-1.9850,-0.9975,18,33.3333,True,True,True,True,True,30M
2020-10,316705.7400,-1.3747,-2.9627,-1.4925,14,21.4286,False,True,True,True,False,30M
2020-11,324223.8200,2.3738,-2.6864,-0.9975,18,33.3333,True,True,True,True,True,30M
2020-12,331819.3200,2.3427,-1.4925,-0.9975,14,42.8571,True,True,True,True,True,30M
2021-01,339449.0100,2.2994,-1.4925,-0.9975,15,26.6667,True,True,True,True,True,30M
2021-02,333915.3900,-1.6302,-1.6302,-0.9975,9,22.2222,False,True,True,True,False,30M
2021-03,333766.1500,-0.0447,-1.9997,-0.9975,13,23.0769,False,True,True,True,False,30M
2021-04,330211.8800,-1.0649,-2.9627,-1.4925,12,25.0000,False,True,True,True,False,30M
2021-05,340222.0000,3.0314,-1.6159,-1.4925,17,47.0588,True,True,True,True,True,30M
2021-06,344502.3100,1.2581,-2.9772,-1.4925,20,30.0000,False,True,True,True,False,30M
2021-07,339990.8300,-1.3096,-2.4894,-0.9975,13,23.0769,False,True,True,True,False,30M
2021-08,343248.3900,0.9581,-2.4751,-0.9975,17,29.4118,False,True,True,True,False,30M
2021-09,353462.2700,2.9757,-3.4479,-0.9975,21,38.0952,True,True,True,True,True,30M
2021-10,361292.5800,2.2153,-0.9975,-0.9975,10,40.0000,True,True,True,True,True,30M
2021-11,388846.4000,7.6265,-1.4925,-0.9975,18,44.4444,True,True,True,True,True,30M
2021-12,381617.2000,-1.8591,-2.8236,-0.9975,9,22.2222,False,True,True,True,False,30M
2022-01,389631.1800,2.1000,-1.8548,-1.4925,21,33.3333,True,True,True,True,True,30M
2022-02,400077.4300,2.6811,-1.4925,-1.4925,19,36.8421,True,True,True,True,True,30M
2022-03,402074.1300,0.4991,-2.4897,-0.9975,12,25.0000,False,True,True,True,False,30M
2022-04,415022.3400,3.2204,-1.4925,-0.5000,15,40.0000,True,True,True,True,True,30M
2022-05,431258.5000,3.9121,-1.4925,-0.5000,14,42.8571,True,True,True,True,True,30M
2022-06,443629.8800,2.8687,-0.9975,-0.9975,12,41.6667,True,True,True,True,True,30M
2022-07,458514.5300,3.3552,-1.7180,-0.5000,15,46.6667,True,True,True,True,True,30M
2022-08,526773.8700,14.8871,-0.9975,-0.9975,15,73.3333,True,True,True,True,True,30M
2022-09,507920.7000,-3.5790,-4.5266,-0.9975,17,11.7647,False,True,True,True,False,30M
2022-10,510016.8700,0.4127,-3.9307,-1.4925,23,26.0870,False,True,True,True,False,30M
2022-11,519958.4500,1.9493,-2.9627,-0.9975,17,35.2941,False,True,True,True,False,30M
2022-12,530172.8100,1.9645,-1.5072,-0.9975,11,27.2727,False,True,True,True,False,30M
2023-01,543223.4000,2.4616,-1.9850,-0.9975,15,33.3333,True,True,True,True,True,30M
2023-02,579712.3400,6.7171,-1.6657,-0.5000,17,47.0588,True,True,True,True,True,30M
2023-03,575664.3600,-0.6983,-1.9997,-1.4925,15,20.0000,False,True,True,True,False,30M
2023-04,564237.1300,-1.9850,-1.4925,-0.5000,4,0.0000,False,True,True,False,False,30M
2023-05,575235.6100,1.9493,-2.4751,-0.9975,15,33.3333,False,True,True,True,False,30M
2023-06,593271.0900,3.1353,-1.9850,-0.9975,15,46.6667,True,True,True,True,True,30M
2023-07,615766.8300,3.7918,-0.9975,-0.9975,11,45.4545,True,True,True,True,True,30M
2023-08,660606.1400,7.2819,-1.4925,-0.9975,23,43.4783,True,True,True,True,True,30M
2023-09,728562.0800,10.2869,-1.4925,-0.9975,16,62.5000,True,True,True,True,True,30M
2023-10,802845.5300,10.1959,-1.8883,-0.9975,17,58.8235,True,True,True,True,True,30M
2023-11,826108.7000,2.8976,-1.4925,-0.9975,12,41.6667,True,True,True,True,True,30M
2023-12,843773.9800,2.1384,-1.8325,-0.9975,14,42.8571,True,True,True,True,True,30M
2024-01,836404.4400,-0.8734,-4.4110,-1.4925,15,20.0000,False,True,True,True,False,30M
2024-02,857120.8600,2.4768,-1.4925,-0.5000,11,36.3636,True,True,True,True,True,30M
2024-03,873958.6400,1.9645,-3.4479,-1.4925,12,33.3333,False,True,True,True,False,30M
2024-04,880709.2000,0.7724,-2.7308,-0.5000,14,42.8571,False,True,True,True,False,30M
2024-05,844079.1200,-4.1592,-5.9060,-1.0693,22,18.1818,False,True,True,True,False,30M
2024-06,876818.2500,3.8787,-1.1603,-0.9975,10,50.0000,True,True,True,True,True,30M
2024-07,938115.2200,6.9908,-2.2183,-0.9975,22,45.4545,True,True,True,True,True,30M
2024-08,988219.3500,5.3409,-3.1217,-0.9975,24,45.8333,True,True,True,True,True,30M
2024-09,1032753.0600,4.5065,-1.9850,-1.6133,21,47.6190,True,True,True,True,True,30M
2024-10,1050722.2100,1.7399,-1.9850,-0.9975,19,31.5789,False,True,True,True,False,30M
2024-11,1088408.7800,3.5867,-3.0435,-1.4925,14,35.7143,True,True,True,True,True,30M
2024-12,1150506.7900,5.7054,-1.3662,-0.9975,24,45.8333,True,True,True,True,True,30M
2025-01,1203219.9100,4.5817,-2.9627,-1.4925,24,37.5000,True,True,True,True,True,30M
2025-02,1264919.4700,5.1279,-1.9850,-1.4925,19,42.1053,True,True,True,True,True,30M
2025-03,1342429.0400,6.1276,-0.9975,-0.9975,11,54.5455,True,True,True,True,True,30M
2025-04,1348357.0000,0.4416,-1.9850,-1.4925,20,35.0000,False,True,True,True,False,30M
2025-05,1438335.7200,6.6732,-1.4925,-0.5000,12,58.3333,True,True,True,True,True,30M
2025-06,1533540.7300,6.6191,-1.9850,-0.9975,17,47.0588,True,True,True,True,True,30M
2025-07,1562967.6300,1.9189,-3.9307,-1.4925,24,29.1667,False,True,True,True,False,30M
2025-08,1639575.7900,4.9015,-2.5640,-0.5000,22,36.3636,True,True,True,True,True,30M
2025-09,1696608.5000,3.4785,-3.9450,-1.4925,17,35.2941,True,True,True,True,True,30M
2025-10,1721722.1700,1.4802,-1.7292,-0.9975,15,40.0000,False,True,True,True,False,30M
2025-11,1780858.7100,3.4347,-2.9627,-0.9975,16,37.5000,True,True,True,True,True,30M
2025-12,1877473.2900,5.4252,-1.9850,-0.9975,21,38.0952,True,True,True,True,True,30M
2026-01,1895440.4200,0.9570,-3.2289,-1.4925,16,31.2500,False,True,True,True,False,30M
2026-02,2023104.7000,6.7353,-1.9850,-1.4925,21,42.8571,True,True,True,True,True,30M
2026-03,2031567.7900,0.4183,-1.7769,-0.9975,16,31.2500,False,True,True,True,False,30M
2026-04,2068189.6500,1.8026,-1.6635,-0.9975,10,40.0000,False,True,True,True,False,30M
2026-05,2061928.1100,-0.3028,-1.4925,-1.4925,4,25.0000,False,True,True,False,False,30M
2016-01,109662.2100,9.6622,-0.8973,-0.8973,17,70.5882,True,True,True,True,True,1H
2016-02,121538.1800,10.8296,-1.4925,-1.4925,16,75.0000,True,True,True,True,True,1H
2016-03,127082.2900,4.5616,-1.2652,-0.5000,14,42.8571,True,True,True,True,True,1H
2016-04,132328.1500,4.1279,-1.7001,-0.5000,18,50.0000,True,True,True,True,True,1H
2016-05,132262.4800,-0.0496,-2.6696,-0.9974,18,38.8889,False,True,True,True,False,1H
2016-06,143586.4200,8.5617,-1.4925,-0.9975,22,63.6364,True,True,True,True,True,1H
2016-07,152589.3900,6.2701,-1.2156,-0.5000,14,64.2857,True,True,True,True,True,1H
2016-08,155379.9600,1.8288,-1.1012,-0.5253,17,47.0588,False,True,True,True,False,1H
2016-09,162008.9800,4.2663,-1.9850,-0.9975,21,42.8571,True,True,True,True,True,1H
2016-10,172871.8400,6.7051,-1.4925,-0.9975,19,52.6316,True,True,True,True,True,1H
2016-11,185911.5000,7.5430,-1.8464,-0.5000,25,52.0000,True,True,True,True,True,1H
2016-12,194593.9600,4.6702,-2.9627,-0.9975,20,50.0000,True,True,True,True,True,1H
2017-01,208121.8900,6.9519,-0.7536,-0.5000,19,63.1579,True,True,True,True,True,1H
2017-02,218552.9100,5.0120,-1.2966,-1.2966,19,52.6316,True,True,True,True,True,1H
2017-03,226509.1500,3.6404,-1.8383,-0.8142,22,45.4545,True,True,True,True,True,1H
2017-04,237541.5700,4.8706,-0.5000,-0.5000,9,77.7778,True,True,True,True,True,1H
2017-05,230772.8300,-2.8495,-3.2613,-0.9975,15,20.0000,False,True,True,True,False,1H
2017-06,233632.5400,1.2392,-1.4925,-0.5000,12,41.6667,False,True,True,True,False,1H
2017-07,228098.5400,-2.3687,-3.1419,-0.9975,17,29.4118,False,True,True,True,False,1H
2017-08,230603.4100,1.0982,-1.9829,-0.6644,18,44.4444,False,True,True,True,False,1H
2017-09,234242.7000,1.5782,-2.9721,-0.9975,16,31.2500,False,True,True,True,False,1H
2017-10,231306.6500,-1.2534,-3.9125,-0.6688,21,42.8571,False,True,True,True,False,1H
2017-11,244228.1900,5.5863,-1.4925,-0.9975,15,53.3333,True,True,True,True,True,1H
2017-12,260720.8900,6.7530,-1.4925,-0.5000,13,53.8462,True,True,True,True,True,1H
2018-01,280510.4200,7.5903,-1.9850,-0.5000,23,52.1739,True,True,True,True,True,1H
2018-02,279027.5100,-0.5286,-3.2865,-0.9975,20,35.0000,False,True,True,True,False,1H
2018-03,309401.7400,10.8857,-1.9850,-0.9975,22,59.0909,True,True,True,True,True,1H
2018-04,300364.3600,-2.9209,-3.0150,-0.9975,12,25.0000,False,True,True,True,False,1H
2018-05,291531.9600,-2.9406,-2.9406,-0.5000,9,22.2222,False,True,True,True,False,1H
2018-06,296402.6100,1.6707,-1.6175,-0.5000,17,47.0588,False,True,True,True,False,1H
2018-07,318677.5400,7.5151,-1.4925,-0.5000,18,50.0000,True,True,True,True,True,1H
2018-08,321753.1100,0.9651,-0.9975,-0.9975,14,57.1429,False,True,True,True,False,1H
2018-09,328719.9200,2.1653,-1.6098,-0.8355,15,46.6667,True,True,True,True,True,1H
2018-10,359787.9700,9.4512,-2.1758,-0.9975,32,56.2500,True,True,True,True,True,1H
2018-11,358035.0700,-0.4872,-3.4178,-0.9975,13,38.4615,False,True,True,True,False,1H
2018-12,382415.2800,6.8094,-1.7464,-0.5000,21,61.9048,True,True,True,True,True,1H
2019-01,375973.8300,-1.6844,-2.4384,-0.9975,18,38.8889,False,True,True,True,False,1H
2019-02,379614.6200,0.9684,-3.0588,-0.5000,13,38.4615,False,True,True,True,False,1H
2019-03,395819.9700,4.2689,-1.0180,-0.9975,14,50.0000,True,True,True,True,True,1H
2019-04,408516.2900,3.2076,-3.1511,-1.4925,21,47.6190,True,True,True,True,True,1H
2019-05,400888.8700,-1.8671,-1.8671,-0.5199,17,41.1765,False,True,True,True,False,1H
2019-06,418265.1100,4.3344,-0.9975,-0.5000,16,68.7500,True,True,True,True,True,1H
2019-07,428443.0900,2.4334,-0.9975,-0.5000,9,44.4444,True,True,True,True,True,1H
2019-08,462324.9300,7.9081,-1.4925,-0.9975,22,54.5455,True,True,True,True,True,1H
2019-09,470366.0400,1.7393,-1.9522,-0.5000,16,37.5000,False,True,True,True,False,1H
2019-10,494980.7900,5.2331,-1.6459,-0.9975,19,47.3684,True,True,True,True,True,1H
2019-11,502361.1900,1.4910,-1.9850,-0.5000,23,47.8261,False,True,True,True,False,1H
2019-12,544211.8800,8.3308,-0.9975,-0.9975,20,55.0000,True,True,True,True,True,1H
2020-01,591783.1400,8.7413,-0.9975,-0.5000,15,53.3333,True,True,True,True,True,1H
2020-02,658262.4500,11.2337,-0.9975,-0.5530,18,61.1111,True,True,True,True,True,1H
2020-03,713910.2900,8.4537,-0.9975,-0.5000,20,65.0000,True,True,True,True,True,1H
2020-04,722606.0500,1.2180,-0.9975,-0.5000,15,60.0000,False,True,True,True,False,1H
2020-05,736709.2600,1.9517,-0.7579,-0.7579,8,62.5000,False,True,True,True,False,1H
2020-06,746689.1300,1.3547,-2.3823,-0.9718,19,31.5789,False,True,True,True,False,1H
2020-07,811885.3600,8.7314,-1.0006,-0.5031,17,64.7059,True,True,True,True,True,1H
2020-08,827422.6800,1.9137,-1.3016,-0.5000,21,61.9048,False,True,True,True,False,1H
2020-09,884098.8900,6.8497,-1.2598,-0.9975,25,48.0000,True,True,True,True,True,1H
2020-10,898448.1700,1.6230,-1.6688,-0.9975,20,50.0000,False,True,True,True,False,1H
2020-11,964588.3600,7.3616,-1.1626,-0.6660,19,57.8947,True,True,True,True,True,1H
2020-12,1057346.8300,9.6164,-1.9850,-0.9975,21,71.4286,True,True,True,True,True,1H
2021-01,1080011.9400,2.1436,-1.9331,-0.7905,19,47.3684,True,True,True,True,True,1H
2021-02,1116693.9900,3.3964,-1.9184,-0.9302,14,50.0000,True,True,True,True,True,1H
2021-03,1183750.7200,6.0049,-1.0493,-0.8610,17,52.9412,True,True,True,True,True,1H
2021-04,1230979.7000,3.9898,-0.9975,-0.5000,15,53.3333,True,True,True,True,True,1H
2021-05,1233156.2300,0.1768,-2.9244,-0.9975,21,42.8571,False,True,True,True,False,1H
2021-06,1245943.8500,1.0370,-1.0476,-0.5000,17,64.7059,False,True,True,True,False,1H
2021-07,1268248.8600,1.7902,-1.0040,-0.5000,14,50.0000,False,True,True,True,False,1H
2021-08,1281038.8900,1.0085,-2.3147,-0.5000,12,33.3333,False,True,True,True,False,1H
2021-09,1397178.6700,9.0661,-0.9975,-0.9975,20,60.0000,True,True,True,True,True,1H
2021-10,1460483.6100,4.5309,-1.1315,-0.5000,15,60.0000,True,True,True,True,True,1H
2021-11,1602778.3400,9.7430,-0.9975,-0.5000,24,62.5000,True,True,True,True,True,1H
2021-12,1633311.9400,1.9050,-0.9975,-0.5000,12,50.0000,False,True,True,True,False,1H
2022-01,1668196.7100,2.1358,-2.0539,-1.1746,25,36.0000,True,True,True,True,True,1H
2022-02,1713206.9700,2.6981,-1.4925,-0.5000,15,53.3333,True,True,True,True,True,1H
2022-03,1790378.2800,4.5045,-0.6266,-0.5000,18,66.6667,True,True,True,True,True,1H
2022-04,2011496.7400,12.3504,-0.9975,-0.5000,23,65.2174,True,True,True,True,True,1H
2022-05,2047154.2300,1.7727,-0.5949,-0.5000,7,57.1429,False,True,True,True,False,1H
2022-06,2192105.6200,7.0806,-0.8842,-0.5058,15,53.3333,True,True,True,True,True,1H
2022-07,2453209.0500,11.9111,-0.9975,-0.5000,23,69.5652,True,True,True,True,True,1H
2022-08,2529928.9500,3.1273,-1.4925,-0.5000,19,52.6316,True,True,True,True,True,1H
2022-09,2638275.5100,4.2826,-1.9197,-0.9975,13,46.1538,True,True,True,True,True,1H
2022-10,2829941.4600,7.2648,-1.3184,-0.9975,23,47.8261,True,True,True,True,True,1H
2022-11,3115933.8000,10.1059,-1.5190,-0.5000,17,58.8235,True,True,True,True,True,1H
2022-12,3164846.1600,1.5697,-1.4925,-0.5000,17,47.0588,False,True,True,True,False,1H
2023-01,3241055.0400,2.4080,-1.5867,-0.9975,20,50.0000,True,True,True,True,True,1H
2023-02,3556427.3200,9.7305,-1.6617,-0.6709,25,56.0000,True,True,True,True,True,1H
2023-03,3632893.9400,2.1501,-1.7725,-0.8252,18,44.4444,True,True,True,True,True,1H
2023-04,3559691.6600,-2.0150,-2.7238,-0.9975,11,36.3636,False,True,True,True,False,1H
2023-05,3695805.8900,3.8238,-0.9975,-0.5000,12,58.3333,True,True,True,True,True,1H
2023-06,3829957.9100,3.6298,-1.3844,-0.9975,15,53.3333,True,True,True,True,True,1H
2023-07,4264629.7400,11.3493,-0.5000,-0.5000,16,62.5000,True,True,True,True,True,1H
2023-08,4411839.9700,3.4519,-1.4925,-0.9975,20,50.0000,True,True,True,True,True,1H
2023-09,4695047.7300,6.4193,-2.1479,-0.9975,20,40.0000,True,True,True,True,True,1H
2023-10,4876187.7900,3.8581,-2.2485,-1.0994,22,45.4545,True,True,True,True,True,1H
2023-11,4937196.9800,1.2512,-2.6567,-0.9975,13,30.7692,False,True,True,True,False,1H
2023-12,5105542.7700,3.4097,-3.8467,-1.1666,21,38.0952,True,True,True,True,True,1H
2024-01,5230188.2200,2.4414,-2.7025,-1.0722,20,40.0000,True,True,True,True,True,1H
2024-02,5524869.7100,5.6342,-1.4925,-0.8687,21,47.6190,True,True,True,True,True,1H
2024-03,5737643.4600,3.8512,-2.4751,-0.5000,12,41.6667,True,True,True,True,True,1H
2024-04,6062693.5000,5.6652,-1.4404,-0.5000,23,52.1739,True,True,True,True,True,1H
2024-05,6502694.9400,7.2575,-2.8343,-1.4925,23,47.8261,True,True,True,True,True,1H
2024-06,7143778.6400,9.8587,-0.9975,-0.9975,18,55.5556,True,True,True,True,True,1H
2024-07,7741584.2700,8.3682,-1.4925,-0.9975,26,50.0000,True,True,True,True,True,1H
2024-08,8124624.0700,4.9478,-1.5631,-0.9975,25,52.0000,True,True,True,True,True,1H
2024-09,8583096.0700,5.6430,-2.5534,-0.9975,31,45.1613,True,True,True,True,True,1H
2024-10,8644594.6100,0.7165,-2.4355,-0.9975,20,40.0000,False,True,True,True,False,1H
2024-11,8793205.3800,1.7191,-2.8655,-0.9975,17,35.2941,False,True,True,True,False,1H
2024-12,9246219.6600,5.1519,-2.5418,-0.8226,27,48.1481,True,True,True,True,True,1H
2025-01,9439042.0900,2.0854,-2.7575,-1.1068,34,50.0000,True,True,True,True,True,1H
2025-02,9861897.1800,4.4799,-1.9850,-0.9975,27,55.5556,True,True,True,True,True,1H
2025-03,11650933.8400,18.1409,-0.9975,-0.9975,25,76.0000,True,True,True,True,True,1H
2025-04,12328082.9800,5.8120,-1.9850,-1.4925,22,59.0909,True,True,True,True,True,1H
2025-05,12274638.7600,-0.4335,-2.3738,-1.4925,21,38.0952,False,True,True,True,False,1H
2025-06,12251323.6100,-0.1899,-3.6646,-0.9975,22,45.4545,False,True,True,True,False,1H
2025-07,13735195.8000,12.1119,-1.8330,-0.8439,30,66.6667,True,True,True,True,True,1H
2025-08,16076803.2400,17.0482,-1.6496,-0.9975,32,65.6250,True,True,True,True,True,1H
2025-09,17646511.0400,9.7638,-0.9975,-0.5000,36,63.8889,True,True,True,True,True,1H
2025-10,18830268.9800,6.7082,-1.9850,-1.4925,23,56.5217,True,True,True,True,True,1H
2025-11,20728660.1900,10.0816,-1.3282,-0.9975,24,54.1667,True,True,True,True,True,1H
2025-12,22207169.1300,7.1327,-1.5623,-0.9975,32,56.2500,True,True,True,True,True,1H
2026-01,26077890.6000,17.4301,-0.9975,-0.9975,30,70.0000,True,True,True,True,True,1H
2026-02,26529261.6000,1.7309,-1.9850,-1.4925,24,50.0000,False,True,True,True,False,1H
2026-03,27474193.2900,3.5618,-2.9627,-0.9975,19,47.3684,True,True,True,True,True,1H
2026-04,28463609.0100,3.6013,-1.8972,-0.5000,24,54.1667,True,True,True,True,True,1H
2026-05,28213841.7600,-0.8775,-1.0210,-0.5000,6,33.3333,False,True,True,False,False,1H
2016-01,97284.3600,-2.7156,-2.9627,-0.9975,7,14.2857,False,True,True,True,False,2H
2016-02,102186.2000,5.0387,-1.4925,-0.5000,10,70.0000,True,True,True,True,True,2H
2016-03,103375.8800,1.1642,-1.3956,-0.5000,13,38.4615,False,True,True,True,False,2H
2016-04,101123.9500,-2.1784,-2.6843,-0.9975,16,31.2500,False,True,True,True,False,2H
2016-05,102216.0800,1.0800,-1.9850,-0.5099,12,41.6667,False,True,True,True,False,2H
2016-06,107831.8800,5.4940,-1.0516,-0.5544,18,55.5556,True,True,True,True,True,2H
2016-07,111454.9400,3.3599,-0.9975,-0.5000,7,57.1429,True,True,True,True,True,2H
2016-08,114312.7300,2.5641,-1.4925,-0.5000,15,53.3333,True,True,True,True,True,2H
2016-09,122591.1400,7.2419,-2.4751,-0.9975,19,52.6316,True,True,True,True,True,2H
2016-10,120961.9100,-1.3290,-1.8965,-0.8148,13,30.7692,False,True,True,True,False,2H
2016-11,124166.5700,2.6493,-1.0204,-0.9975,12,50.0000,True,True,True,True,True,2H
2016-12,123762.3400,-0.3256,-1.5296,-0.5000,14,35.7143,False,True,True,True,False,2H
2017-01,123129.9500,-0.5110,-1.0971,-0.5000,6,33.3333,False,True,True,False,False,2H
2017-02,128047.7400,3.9940,-1.4925,-0.5000,11,54.5455,True,True,True,True,True,2H
2017-03,133912.9600,4.5805,-1.9850,-0.9975,14,57.1429,True,True,True,True,True,2H
2017-04,136677.8300,2.0647,-1.1128,-0.5000,10,50.0000,True,True,True,True,True,2H
2017-05,139503.8900,2.0677,-1.5679,-0.9975,15,46.6667,True,True,True,True,True,2H
2017-06,134288.5400,-3.7385,-3.7385,-0.9975,10,10.0000,False,True,True,True,False,2H
2017-07,133038.2600,-0.9310,-1.9850,-0.9975,13,30.7692,False,True,True,True,False,2H
2017-08,137079.9400,3.0380,-0.9975,-0.9832,11,45.4545,True,True,True,True,True,2H
2017-09,137603.3100,0.3818,-1.4925,-0.5000,11,36.3636,False,True,True,True,False,2H
2017-10,139680.8200,1.5098,-1.4925,-0.5000,12,58.3333,False,True,True,True,False,2H
2017-11,140641.3200,0.6876,-1.9360,-0.5000,11,45.4545,False,True,True,True,False,2H
2017-12,146949.5600,4.4853,-0.5000,-0.5000,8,75.0000,True,True,True,True,True,2H
2018-01,149124.2600,1.4799,-1.4925,-0.5000,8,37.5000,False,True,True,True,False,2H
2018-02,148047.7300,-0.7219,-2.4751,-0.9975,11,36.3636,False,True,True,True,False,2H
2018-03,147555.1300,-0.3327,-1.3944,-0.9975,9,44.4444,False,True,True,True,False,2H
2018-04,151924.9000,2.9614,-1.2044,-0.5000,10,60.0000,True,True,True,True,True,2H
2018-05,151019.5900,-0.5959,-1.4925,-0.5000,8,37.5000,False,True,True,True,False,2H
2018-06,159382.6000,5.5377,-1.9850,-0.9975,14,57.1429,True,True,True,True,True,2H
2018-07,166390.3800,4.3968,-0.6823,-0.5000,12,66.6667,True,True,True,True,True,2H
2018-08,174021.7200,4.5864,-0.7455,-0.5000,8,50.0000,True,True,True,True,True,2H
2018-09,173312.4100,-0.4076,-1.9850,-0.5000,12,50.0000,False,True,True,True,False,2H
2018-10,183324.6700,5.7770,-1.9850,-0.9975,16,56.2500,True,True,True,True,True,2H
2018-11,192224.1800,4.8545,-0.9975,-0.5000,10,60.0000,True,True,True,True,True,2H
2018-12,200039.9900,4.0660,-1.4925,-0.9975,13,53.8462,True,True,True,True,True,2H
2019-01,204412.6700,2.1859,-0.9975,-0.5000,10,60.0000,True,True,True,True,True,2H
2019-02,201062.0100,-1.6392,-2.1499,-0.5000,9,22.2222,False,True,True,True,False,2H
2019-03,205089.4500,2.0031,-2.5187,-1.4925,13,53.8462,True,True,True,True,True,2H
2019-04,207143.2400,1.0014,-1.9611,-0.5000,15,40.0000,False,True,True,True,False,2H
2019-05,209419.4200,1.0988,-0.9975,-0.5000,12,50.0000,False,True,True,True,False,2H
2019-06,205711.9600,-1.7704,-2.7245,-0.8870,12,33.3333,False,True,True,True,False,2H
2019-07,206718.0300,0.4891,-0.9975,-0.5815,11,54.5455,False,True,True,True,False,2H
2019-08,207569.0700,0.4117,-1.2932,-0.5000,9,44.4444,False,True,True,True,False,2H
2019-09,211981.5700,2.1258,-1.4925,-0.5000,10,40.0000,True,True,True,True,True,2H
2019-10,220535.9200,4.0354,-0.6224,-0.5000,14,64.2857,True,True,True,True,True,2H
2019-11,221061.4500,0.2383,-2.4751,-1.4925,13,30.7692,False,True,True,True,False,2H
2019-12,234885.6500,6.2536,-1.4925,-0.9975,16,56.2500,True,True,True,True,True,2H
2020-01,241890.6200,2.9823,-1.0117,-0.5000,12,50.0000,True,True,True,True,True,2H
2020-02,242240.6300,0.1447,-0.5000,-0.5000,6,50.0000,False,True,True,False,False,2H
2020-03,251349.0400,3.7601,-1.0476,-0.9975,15,53.3333,True,True,True,True,True,2H
2020-04,258785.3200,2.9585,-0.9975,-0.5000,12,50.0000,True,True,True,True,True,2H
2020-05,261452.0600,1.0305,-0.0439,-0.0439,3,66.6667,False,True,True,False,False,2H
2020-06,254709.4700,-2.5789,-4.5350,-0.9975,15,26.6667,False,True,True,True,False,2H
2020-07,261885.5400,2.8174,-0.9975,-0.5000,8,62.5000,True,True,True,True,True,2H
2020-08,260790.4100,-0.4182,-1.9850,-0.5000,11,36.3636,False,True,True,True,False,2H
2020-09,255007.7600,-2.2174,-3.0154,-0.8594,20,30.0000,False,True,True,True,False,2H
2020-10,258585.4600,1.4030,-1.4705,-0.5000,12,50.0000,False,True,True,True,False,2H
2020-11,263255.7000,1.8061,-1.5380,-0.5000,15,40.0000,False,True,True,True,False,2H
2020-12,275188.9100,4.5329,-0.8321,-0.5000,11,45.4545,True,True,True,True,True,2H
2021-01,291875.0100,6.0635,-0.9975,-0.5000,21,57.1429,True,True,True,True,True,2H
2021-02,292309.9100,0.1490,-1.7792,-0.5000,10,50.0000,False,True,True,True,False,2H
2021-03,289269.7800,-1.0400,-1.9850,-0.5000,7,42.8571,False,True,True,True,False,2H
2021-04,289969.9000,0.2420,-1.4925,-0.5000,5,40.0000,False,True,True,False,False,2H
2021-05,289732.7800,-0.0818,-1.0847,-0.5000,12,50.0000,False,True,True,True,False,2H
2021-06,294337.5000,1.5893,-1.9850,-0.9975,20,35.0000,False,True,True,True,False,2H
2021-07,300159.0900,1.9779,-0.9975,-0.5000,12,58.3333,False,True,True,True,False,2H
2021-08,299312.3400,-0.2821,-2.2672,-0.5000,13,46.1538,False,True,True,True,False,2H
2021-09,310460.8000,3.7247,-1.3754,-0.5000,17,41.1765,True,True,True,True,True,2H
2021-10,314846.0900,1.4125,-0.9975,-0.9975,9,55.5556,False,True,True,True,False,2H
2021-11,326852.3900,3.8134,-1.4925,-0.9975,17,52.9412,True,True,True,True,True,2H
2021-12,333481.4400,2.0281,-0.9582,-0.5000,8,50.0000,True,True,True,True,True,2H
2022-01,354140.0900,6.1948,-1.4925,-0.9975,17,52.9412,True,True,True,True,True,2H
2022-02,353030.8000,-0.3132,-0.6333,-0.5000,5,60.0000,False,True,True,False,False,2H
2022-03,354116.3800,0.3075,-1.4925,-0.5000,14,35.7143,False,True,True,True,False,2H
2022-04,346268.4600,-2.2162,-3.0236,-0.9975,15,33.3333,False,True,True,True,False,2H
2022-05,344851.4700,-0.4092,-1.3871,-0.5000,10,40.0000,False,True,True,True,False,2H
2022-06,364398.2200,5.6682,-0.5382,-0.5000,12,66.6667,True,True,True,True,True,2H
2022-07,361032.6500,-0.9236,-2.1924,-0.9975,13,23.0769,False,True,True,True,False,2H
2022-08,388782.2000,7.6862,-0.5000,-0.5000,15,73.3333,True,True,True,True,True,2H
2022-09,385368.5600,-0.8780,-2.2588,-0.5000,11,45.4545,False,True,True,True,False,2H
2022-10,400294.4500,3.8731,-1.4925,-0.9975,11,54.5455,True,True,True,True,True,2H
2022-11,414467.4600,3.5406,-1.3694,-0.5000,13,53.8462,True,True,True,True,True,2H
2022-12,403557.2700,-2.6323,-2.6323,-0.5000,7,14.2857,False,True,True,True,False,2H
2023-01,430565.1500,6.6925,-1.3273,-0.8315,15,60.0000,True,True,True,True,True,2H
2023-02,447949.6700,4.0376,-1.0968,-0.9975,15,53.3333,True,True,True,True,True,2H
2023-03,457909.3300,2.2234,-0.9975,-0.9975,12,50.0000,True,True,True,True,True,2H
2023-04,460649.7700,0.5985,-0.8306,-0.5000,6,50.0000,False,True,True,False,False,2H
2023-05,465733.8600,1.1037,-1.9557,-0.9975,13,46.1538,False,True,True,True,False,2H
2023-06,488431.0900,4.8734,-0.9975,-0.5000,13,69.2308,True,True,True,True,True,2H
2023-07,492393.1600,0.8112,-0.5580,-0.5000,7,42.8571,False,True,True,True,False,2H
2023-08,520088.3700,5.6246,-1.4925,-0.9975,15,46.6667,True,True,True,True,True,2H
2023-09,570198.8100,9.6350,-0.6722,-0.1731,19,73.6842,True,True,True,True,True,2H
2023-10,586870.4200,2.9238,-0.9975,-0.5000,13,69.2308,True,True,True,True,True,2H
2023-11,590146.0500,0.5582,-0.9975,-0.9975,8,50.0000,False,True,True,True,False,2H
2023-12,589341.9300,-0.1363,-1.6121,-0.9975,16,43.7500,False,True,True,True,False,2H
2024-01,613520.8100,4.1027,-0.9975,-0.9975,11,63.6364,True,True,True,True,True,2H
2024-02,612907.3900,-0.1000,-2.5296,-0.9975,9,33.3333,False,True,True,True,False,2H
2024-03,600906.9600,-1.9580,-2.2079,-0.9975,7,28.5714,False,True,True,True,False,2H
2024-04,620015.0000,3.1799,-0.9975,-0.5000,11,45.4545,True,True,True,True,True,2H
2024-05,632357.7200,1.9907,-1.3614,-0.9975,11,54.5455,False,True,True,True,False,2H
2024-06,643183.9800,1.7120,-0.9975,-0.8643,11,45.4545,False,True,True,True,False,2H
2024-07,650676.7600,1.1650,-1.5481,-0.5000,11,54.5455,False,True,True,True,False,2H
2024-08,711947.9400,9.4165,-0.9975,-0.5000,19,68.4211,True,True,True,True,True,2H
2024-09,732263.1100,2.8535,-1.5445,-1.0497,13,53.8462,True,True,True,True,True,2H
2024-10,742720.9600,1.4282,-1.9201,-0.9975,16,31.2500,False,True,True,True,False,2H
2024-11,763919.5000,2.8542,-0.9975,-0.9975,12,58.3333,True,True,True,True,True,2H
2024-12,810344.7200,6.0772,-1.4925,-0.5000,18,55.5556,True,True,True,True,True,2H
2025-01,799339.4300,-1.3581,-2.0041,-0.5000,12,33.3333,False,True,True,True,False,2H
2025-02,816293.7300,2.1210,-0.5612,-0.5000,13,46.1538,True,True,True,True,True,2H
2025-03,826027.6000,1.1924,-0.5384,-0.5000,8,62.5000,False,True,True,True,False,2H
2025-04,842275.0500,1.9669,-0.9975,-0.5000,11,54.5455,False,True,True,True,False,2H
2025-05,867230.1200,2.9628,-1.5685,-0.9975,13,46.1538,True,True,True,True,True,2H
2025-06,921011.5400,6.2015,-0.9975,-0.9975,16,62.5000,True,True,True,True,True,2H
2025-07,915072.3600,-0.6449,-1.7553,-0.9975,12,33.3333,False,True,True,True,False,2H
2025-08,927212.7100,1.3267,-1.7565,-0.7667,15,40.0000,False,True,True,True,False,2H
2025-09,989020.9200,6.6660,-0.6862,-0.5000,10,80.0000,True,True,True,True,True,2H
2025-10,1033059.7600,4.4528,-0.5000,-0.5000,11,72.7273,True,True,True,True,True,2H
2025-11,1060949.5100,2.6997,-1.1093,-0.7016,13,46.1538,True,True,True,True,True,2H
2025-12,1074732.7600,1.2991,-0.9678,-0.5000,9,55.5556,False,True,True,True,False,2H
2026-01,1075834.2900,0.1025,-0.5563,-0.5000,6,50.0000,False,True,True,False,False,2H
2026-02,1108678.1200,3.0529,-0.5000,-0.5000,8,75.0000,True,True,True,True,True,2H
2026-03,1138249.7500,2.6673,-1.2807,-0.5000,13,46.1538,True,True,True,True,True,2H
2026-04,1186290.3200,4.2206,-0.7138,-0.5000,12,58.3333,True,True,True,True,True,2H
2026-05,1184458.3000,-0.1544,-0.7349,-0.2361,3,33.3333,False,True,True,False,False,2H
2016-01,100000.0000,0.0000,0.0000,0.0000,0,0.0000,False,True,True,False,False,3H
2016-02,100000.0000,0.0000,0.0000,0.0000,0,0.0000,False,True,True,False,False,3H
2016-03,105316.0900,5.3161,-1.4925,-0.5000,13,61.5385,True,True,True,True,True,3H
2016-04,109282.4700,3.7662,0.0000,0.0000,4,100.0000,True,True,True,False,False,3H
2016-05,110197.6700,0.8375,-1.4925,-0.9975,12,41.6667,False,True,True,True,False,3H
2016-06,119782.8700,8.6982,-1.4925,-0.9975,14,50.0000,True,True,True,True,True,3H
2016-07,127293.7300,6.2704,-1.4925,-0.5000,11,45.4545,True,True,True,True,True,3H
2016-08,128758.5600,1.1507,-0.9975,-0.5000,12,58.3333,False,True,True,True,False,3H
2016-09,133806.7200,3.9206,-0.9975,-0.5000,6,50.0000,True,True,True,False,False,3H
2016-10,133806.7200,0.0000,0.0000,0.0000,0,0.0000,False,True,True,False,False,3H
2016-11,133806.7200,0.0000,0.0000,0.0000,0,0.0000,False,True,True,False,False,3H
2016-12,133806.7200,0.0000,0.0000,0.0000,0,0.0000,False,True,True,False,False,3H
2017-01,133806.7200,0.0000,0.0000,0.0000,0,0.0000,False,True,True,False,False,3H
2017-02,139477.8500,4.2383,-0.5000,-0.5000,7,71.4286,True,True,True,True,True,3H
2017-03,137634.4100,-1.3217,-1.9850,-0.5000,8,12.5000,False,True,True,True,False,3H
2017-04,142726.9500,3.7000,-1.4974,-0.5050,13,46.1538,True,True,True,True,True,3H
2017-05,140596.7300,-1.4925,-1.4925,-0.5000,3,0.0000,False,True,True,False,False,3H
2017-06,137912.1200,-1.9094,-2.3899,-0.9975,8,25.0000,False,True,True,True,False,3H
2017-07,136502.6500,-1.0220,-2.9627,-0.5000,7,14.2857,False,True,True,True,False,3H
2017-08,138269.2700,1.2942,-2.4751,-0.5000,11,36.3636,False,True,True,True,False,3H
2017-09,138733.5400,0.3358,-2.5187,-0.5000,10,30.0000,False,True,True,True,False,3H
2017-10,139396.1900,0.4776,-1.4925,-0.5000,4,25.0000,False,True,True,False,False,3H
2017-11,138005.7100,-0.9975,-0.9975,-0.5000,2,0.0000,False,True,True,False,False,3H
2017-12,140765.8200,2.0000,0.0000,0.0000,1,100.0000,True,True,True,False,False,3H
2018-01,148457.1700,5.4639,-1.9850,-0.5000,17,41.1765,True,True,True,True,True,3H
2018-02,153121.3600,3.1418,-0.9975,-0.9975,8,50.0000,True,True,True,True,True,3H
2018-03,159150.7300,3.9376,-0.5000,-0.5000,4,75.0000,True,True,True,False,False,3H
2018-04,163579.0600,2.7825,-1.9850,-0.9975,11,27.2727,True,True,True,True,True,3H
2018-05,163579.0600,0.0000,0.0000,0.0000,0,0.0000,False,True,True,False,False,3H
2018-06,163579.0600,0.0000,0.0000,0.0000,0,0.0000,False,True,True,False,False,3H
2018-07,163579.0600,0.0000,0.0000,0.0000,0,0.0000,False,True,True,False,False,3H
2018-08,163579.0600,0.0000,0.0000,0.0000,0,0.0000,False,True,True,False,False,3H
2018-09,163579.0600,0.0000,0.0000,0.0000,0,0.0000,False,True,True,False,False,3H
2018-10,163579.0600,0.0000,0.0000,0.0000,0,0.0000,False,True,True,False,False,3H
2018-11,163579.0600,0.0000,0.0000,0.0000,0,0.0000,False,True,True,False,False,3H
2018-12,163747.9600,0.1033,-1.9850,-0.5000,8,37.5000,False,True,True,True,False,3H
2019-01,170761.0200,4.2828,-2.4751,-0.5000,18,38.8889,True,True,True,True,True,3H
2019-02,174768.7900,2.3470,-1.9850,-0.9975,14,28.5714,True,True,True,True,True,3H
2019-03,178220.0400,1.9748,-0.9975,-0.5000,6,33.3333,False,True,True,False,False,3H
2019-04,177328.9400,-0.5000,-0.5000,-0.5000,1,0.0000,False,True,True,False,False,3H
2019-05,177235.5900,-0.0526,-0.9975,-0.5000,4,50.0000,False,True,True,False,False,3H
2019-06,182941.2000,3.2192,-0.9714,-0.5000,10,50.0000,True,True,True,True,True,3H
2019-07,184284.7500,0.7344,-3.1976,-0.9975,23,39.1304,False,True,True,True,False,3H
2019-08,190291.3800,3.2594,-2.0114,-0.9975,16,50.0000,True,True,True,True,True,3H
2019-09,197771.8400,3.9311,-1.5713,-0.5000,7,28.5714,True,True,True,True,True,3H
2019-10,202102.1200,2.1895,-0.5000,0.0000,4,75.0000,True,True,True,False,False,3H
2019-11,199085.7300,-1.4925,-1.4925,-0.9975,3,0.0000,False,True,True,False,False,3H
2019-12,210925.5100,5.9471,-1.4925,-0.5000,14,57.1429,True,True,True,True,True,3H
2020-01,218386.4200,3.5372,-2.2306,-0.5000,16,37.5000,True,True,True,True,True,3H
2020-02,240161.5300,9.9709,-0.9975,-0.5000,10,80.0000,True,True,True,True,True,3H
2020-03,244190.5400,1.6776,-0.9975,-0.5000,8,62.5000,False,True,True,True,False,3H
2020-04,239972.2600,-1.7275,-1.7563,-0.9975,14,28.5714,False,True,True,True,False,3H
2020-05,251370.3400,4.7497,-1.4925,-0.9975,11,63.6364,True,True,True,True,True,3H
2020-06,257899.8600,2.5976,-2.2451,-0.5000,11,45.4545,True,True,True,True,True,3H
2020-07,265798.0200,3.0625,-0.9975,-0.9975,12,50.0000,True,True,True,True,True,3H
2020-08,272929.6400,2.6831,-2.2671,-0.5000,10,40.0000,True,True,True,True,True,3H
2020-09,275197.5600,0.8310,-0.9975,-0.5000,6,33.3333,False,True,True,False,False,3H
2020-10,279298.0100,1.4900,-0.5000,-0.5000,2,50.0000,False,True,True,False,False,3H
2020-11,284883.9700,2.0000,0.0000,0.0000,1,100.0000,True,True,True,False,False,3H
2020-12,303505.3300,6.5365,-0.5000,-0.5000,7,85.7143,True,True,True,True,True,3H
2021-01,302186.0500,-0.4347,-0.9975,-0.5000,3,33.3333,False,True,True,False,False,3H
2021-02,302186.0500,0.0000,0.0000,0.0000,0,0.0000,False,True,True,False,False,3H
2021-03,302186.0500,0.0000,0.0000,0.0000,0,0.0000,False,True,True,False,False,3H
2021-04,302186.0500,0.0000,0.0000,0.0000,0,0.0000,False,True,True,False,False,3H
2021-05,328090.2600,8.5723,-0.8563,-0.5000,11,63.6364,True,True,True,True,True,3H
2021-06,343345.0800,4.6496,-0.5000,-0.5000,7,57.1429,True,True,True,True,True,3H
2021-07,341628.3600,-0.5000,-0.5000,-0.5000,1,0.0000,False,True,True,False,False,3H
2021-08,337565.4700,-1.1893,-1.8966,-0.5000,6,16.6667,False,True,True,False,False,3H
2021-09,349447.1000,3.5198,-0.5000,-0.5000,3,66.6667,True,True,True,False,False,3H
2021-10,347735.4300,-0.4898,-0.5000,-0.5000,2,50.0000,False,True,True,False,False,3H
2021-11,363772.4700,4.6118,-1.4925,-0.5000,8,50.0000,True,True,True,True,True,3H
2021-12,376779.4600,3.5756,-0.9975,-0.5000,5,60.0000,True,True,True,False,False,3H
2022-01,384124.8200,1.9495,-1.9850,-0.9975,11,27.2727,False,True,True,True,False,3H
2022-02,401297.3000,4.4705,-0.9865,-0.5000,9,55.5556,True,True,True,True,True,3H
2022-03,422255.5900,5.2226,-1.9850,-0.5000,8,50.0000,True,True,True,True,True,3H
2022-04,433146.1200,2.5791,-1.4925,-0.5000,8,37.5000,True,True,True,True,True,3H
2022-05,433146.1200,0.0000,0.0000,0.0000,0,0.0000,False,True,True,False,False,3H
2022-06,433146.1200,0.0000,0.0000,0.0000,0,0.0000,False,True,True,False,False,3H
2022-07,433146.1200,0.0000,0.0000,0.0000,0,0.0000,False,True,True,False,False,3H
2022-08,433146.1200,0.0000,0.0000,0.0000,0,0.0000,False,True,True,False,False,3H
2022-09,433146.1200,0.0000,0.0000,0.0000,0,0.0000,False,True,True,False,False,3H
2022-10,433146.1200,0.0000,0.0000,0.0000,0,0.0000,False,True,True,False,False,3H
2022-11,456596.3600,5.4139,-1.9850,-0.5000,14,50.0000,True,True,True,True,True,3H
2022-12,500712.8600,9.6620,-1.5458,-0.9975,19,42.1053,True,True,True,True,True,3H
2023-01,532187.2600,6.2859,-1.4925,-0.9975,18,61.1111,True,True,True,True,True,3H
2023-02,529526.3300,-0.5000,-0.5000,-0.5000,1,0.0000,False,True,True,False,False,3H
2023-03,552041.1600,4.2519,-1.5425,-0.5000,12,50.0000,True,True,True,True,True,3H
2023-04,565066.9200,2.3596,-1.1106,-0.5000,12,41.6667,True,True,True,True,True,3H
2023-05,590752.8000,4.5456,-0.7486,-0.5000,9,77.7778,True,True,True,True,True,3H
2023-06,590752.8000,0.0000,0.0000,0.0000,0,0.0000,False,True,True,False,False,3H
2023-07,621276.6700,5.1669,-1.4925,-0.9975,9,55.5556,True,True,True,True,True,3H
2023-08,621276.6700,0.0000,0.0000,0.0000,0,0.0000,False,True,True,False,False,3H
2023-09,615079.4400,-0.9975,-0.9975,-0.5000,2,0.0000,False,True,True,False,False,3H
2023-10,653358.5900,6.2234,-0.5000,-0.5000,9,55.5556,True,True,True,True,True,3H
2023-11,661635.4000,1.2668,-3.4825,-0.5000,14,35.7143,False,True,True,True,False,3H
2023-12,684071.9800,3.3911,-0.9975,-0.5000,12,58.3333,True,True,True,True,True,3H
2024-01,691512.7600,1.0877,-1.4925,-0.9975,9,44.4444,False,True,True,True,False,3H
2024-02,726198.0300,5.0159,-1.4925,-0.5000,12,50.0000,True,True,True,True,True,3H
2024-03,807938.6300,11.2560,-0.9975,-0.9975,14,64.2857,True,True,True,True,True,3H
2024-04,852054.0500,5.4602,-1.4925,-0.7469,17,35.2941,True,True,True,True,True,3H
2024-05,826443.4800,-3.0057,-3.0057,-0.5000,8,12.5000,False,True,True,True,False,3H
2024-06,842972.3500,2.0000,0.0000,0.0000,1,100.0000,True,True,True,False,False,3H
2024-07,877907.4800,4.1443,-1.9850,-0.9975,15,46.6667,True,True,True,True,True,3H
2024-08,911079.5800,3.7785,-1.9850,-0.5000,10,40.0000,True,True,True,True,True,3H
2024-09,968087.4200,6.2572,-1.4925,-0.5000,13,46.1538,True,True,True,True,True,3H
2024-10,997395.2100,3.0274,-2.2561,-0.5000,16,43.7500,True,True,True,True,True,3H
2024-11,1012256.4000,1.4900,-0.5000,-0.5000,2,50.0000,False,True,True,False,False,3H
2024-12,1023050.5300,1.0663,-0.5000,-0.5000,2,50.0000,False,True,True,False,False,3H
2025-01,1059804.1000,3.5925,-2.8864,-0.9975,15,33.3333,True,True,True,True,True,3H
2025-02,1103325.4400,4.1065,-1.1291,-0.5000,16,43.7500,True,True,True,True,True,3H
2025-03,1147465.6000,4.0006,-1.4925,-0.5000,12,41.6667,True,True,True,True,True,3H
2025-04,1151475.5300,0.3495,-1.9850,-0.9975,13,30.7692,False,True,True,True,False,3H
2025-05,1158452.3900,0.6059,-2.5564,-0.5000,9,33.3333,False,True,True,True,False,3H
2025-06,1182591.0800,2.0837,-1.4925,-0.9975,12,41.6667,True,True,True,True,True,3H
2025-07,1211084.2900,2.4094,-0.7082,-0.5000,7,57.1429,True,True,True,True,True,3H
2025-08,1266075.6200,4.5407,-0.5000,-0.5000,6,66.6667,True,True,True,False,False,3H
2025-09,1452466.3500,14.7219,-1.0380,-0.5000,16,68.7500,True,True,True,True,True,3H
2025-10,1573482.4000,8.3318,-0.5000,-0.5000,8,87.5000,True,True,True,True,True,3H
2025-11,1626728.6600,3.3840,-1.4925,-0.5000,7,42.8571,True,True,True,True,True,3H
2025-12,1667354.8700,2.4974,-2.0241,-0.9975,18,33.3333,True,True,True,True,True,3H
2026-01,1762124.6600,5.6838,-0.9975,-0.5000,12,50.0000,True,True,True,True,True,3H
2026-02,1833020.3400,4.0233,-0.9975,-0.5000,7,57.1429,True,True,True,True,True,3H
2026-03,1846725.4400,0.7477,-0.9975,-0.5000,9,44.4444,False,True,True,True,False,3H
2026-04,1930767.2100,4.5509,-0.5000,0.0000,5,80.0000,True,True,True,False,False,3H
2026-05,1930767.2100,0.0000,0.0000,0.0000,0,0.0000,False,True,True,False,False,3H
2016-01,98518.0100,-1.4820,-1.4820,-1.4820,2,0.0000,False,True,True,False,False,4H
2016-02,104304.3500,5.8734,-2.1031,-0.8000,12,58.3333,True,True,True,True,True,4H
2016-03,107590.5100,3.1506,-3.8821,-0.8000,14,50.0000,True,True,True,True,True,4H
2016-04,111696.0700,3.8159,-2.3809,-0.8000,10,50.0000,True,True,True,True,True,4H
2016-05,116872.6500,4.6345,-1.5936,-1.5936,12,58.3333,True,True,True,True,True,4H
2016-06,119695.5100,2.4153,-2.8617,-0.8000,15,53.3333,True,True,True,True,True,4H
2016-07,119724.2800,0.0240,-4.2045,-1.5936,13,38.4615,False,True,True,True,False,4H
2016-08,130641.5100,9.1186,-1.7798,-0.8000,13,61.5385,True,True,True,True,True,4H
2016-09,128070.3500,-1.9681,-2.3809,-0.8000,5,20.0000,False,True,True,False,False,4H
2016-10,128070.3500,0.0000,0.0000,0.0000,0,0.0000,False,True,True,False,False,4H
2016-11,134477.7500,5.0030,0.0000,0.0000,3,100.0000,True,True,True,False,False,4H
2016-12,134477.7500,0.0000,0.0000,0.0000,0,0.0000,False,True,True,False,False,4H
2017-01,144884.4800,7.7386,-1.5936,-0.8000,13,61.5385,True,True,True,True,True,4H
2017-02,149503.7100,3.1882,-2.9690,-1.5936,16,50.0000,True,True,True,True,True,4H
2017-03,147745.5600,-1.1760,-3.0114,-0.8000,13,46.1538,False,True,True,True,False,4H
2017-04,148316.0900,0.3862,-3.8022,-0.8000,14,50.0000,False,True,True,True,False,4H
2017-05,148451.1500,0.0911,-3.1618,-1.5936,7,28.5714,False,True,True,True,False,4H
2017-06,145239.7200,-2.1633,-4.0494,-1.5936,9,22.2222,False,True,True,True,False,4H
2017-07,146475.6700,0.8510,-1.5936,-0.8000,8,50.0000,False,True,True,True,False,4H
2017-08,157107.5900,7.2585,-2.5202,-0.8000,18,61.1111,True,True,True,True,True,4H
2017-09,159672.7300,1.6327,-2.6235,-0.8000,10,40.0000,False,True,True,True,False,4H
2017-10,165887.2600,3.8920,-0.8000,-0.8000,4,75.0000,True,True,True,False,False,4H
2017-11,170352.9700,2.6920,-1.2554,-0.8000,8,62.5000,True,True,True,True,True,4H
2017-12,177235.2300,4.0400,0.0000,0.0000,2,100.0000,True,True,True,False,False,4H
2018-01,183840.3500,3.7268,-2.3809,-0.8000,20,60.0000,True,True,True,True,True,4H
2018-02,185521.1800,0.9143,-2.3809,-0.8000,6,33.3333,False,True,True,False,False,4H
2018-03,195414.2000,5.3326,0.0000,0.0000,3,100.0000,True,True,True,False,False,4H
2018-04,196707.1400,0.6616,-1.9472,-1.5936,11,45.4545,False,True,True,True,False,4H
2018-05,196707.1400,0.0000,0.0000,0.0000,0,0.0000,False,True,True,False,False,4H
2018-06,195133.4800,-0.8000,-0.8000,-0.8000,1,0.0000,False,True,True,False,False,4H
2018-07,195133.4800,0.0000,0.0000,0.0000,0,0.0000,False,True,True,False,False,4H
2018-08,195133.4800,0.0000,0.0000,0.0000,0,0.0000,False,True,True,False,False,4H
2018-09,197443.8700,1.1840,-0.8000,-0.8000,2,50.0000,False,True,True,False,False,4H
2018-10,191734.4300,-2.8917,-5.4616,-1.1095,14,35.7143,False,True,True,True,False,4H
2018-11,203305.1900,6.0348,-2.4306,-0.8000,18,66.6667,True,True,True,True,True,4H
2018-12,207293.2400,1.9616,-4.7152,-1.5936,14,35.7143,False,True,True,True,False,4H
2019-01,213079.9200,2.7915,-1.8649,-1.0258,16,43.7500,True,True,True,True,True,4H
2019-02,229383.1300,7.6512,-1.5936,-0.8000,13,61.5385,True,True,True,True,True,4H
2019-03,226573.1000,-1.2250,-3.1618,-0.8000,5,20.0000,False,True,True,False,False,4H
2019-04,228096.3000,0.6723,0.0000,0.0000,1,100.0000,False,True,True,False,False,4H
2019-05,233499.2800,2.3687,-1.7130,-0.8000,9,55.5556,True,True,True,True,True,4H
2019-06,245939.6800,5.3278,-1.0166,-0.8000,13,53.8462,True,True,True,True,True,4H
2019-07,249126.7900,1.2959,-2.3690,-0.8000,22,45.4545,False,True,True,True,False,4H
2019-08,252357.5300,1.2968,-2.3472,-0.8000,15,46.6667,False,True,True,True,False,4H
2019-09,255031.8400,1.0597,-1.5936,-0.8000,8,50.0000,False,True,True,True,False,4H
2019-10,260629.5000,2.1949,-0.2571,-0.2571,3,66.6667,True,True,True,False,False,4H
2019-11,256588.8900,-1.5503,-1.5503,-0.8000,2,0.0000,False,True,True,False,False,4H
2019-12,268846.1700,4.7770,-1.0119,-0.8000,10,60.0000,True,True,True,True,True,4H
2020-01,277157.7100,3.0916,-1.5936,-0.8000,16,50.0000,True,True,True,True,True,4H
2020-02,281339.4100,1.5088,-1.5936,-0.8000,11,54.5455,False,True,True,True,False,4H
2020-03,275342.5500,-2.1315,-2.4013,-1.1092,11,45.4545,False,True,True,True,False,4H
2020-04,284305.0800,3.2550,-2.8668,-1.5936,14,50.0000,True,True,True,True,True,4H
2020-05,297514.7900,4.6463,-1.0099,-0.8000,10,70.0000,True,True,True,True,True,4H
2020-06,314269.2800,5.6315,-2.1965,-1.5936,15,60.0000,True,True,True,True,True,4H
2020-07,338144.5500,7.5971,-2.3809,-0.8000,13,61.5385,True,True,True,True,True,4H
2020-08,352691.9200,4.3021,-1.8901,-0.8000,11,54.5455,True,True,True,True,True,4H
2020-09,354051.4800,0.3855,-1.5936,-0.8000,7,28.5714,False,True,True,True,False,4H
2020-10,358243.4500,1.1840,-0.8000,-0.8000,2,50.0000,False,True,True,False,False,4H
2020-11,372716.4800,4.0400,0.0000,0.0000,2,100.0000,True,True,True,False,False,4H
2020-12,409421.0300,9.8478,-0.8000,-0.8000,8,87.5000,True,True,True,True,True,4H
2021-01,410954.4300,0.3745,-1.5936,-0.8000,3,33.3333,False,True,True,False,False,4H
2021-02,410954.4300,0.0000,0.0000,0.0000,0,0.0000,False,True,True,False,False,4H
2021-03,410954.4300,0.0000,0.0000,0.0000,0,0.0000,False,True,True,False,False,4H
2021-04,405377.8700,-1.3570,-4.2041,-0.8000,9,33.3333,False,True,True,True,False,4H
2021-05,417604.0200,3.0160,-2.6416,-1.5936,17,52.9412,True,True,True,True,True,4H
2021-06,415627.6400,-0.4733,-2.5702,-0.8000,7,28.5714,False,True,True,True,False,4H
2021-07,434851.8900,4.6254,-1.5936,-0.8000,7,57.1429,True,True,True,True,True,4H
2021-08,442724.3200,1.8104,-1.8339,-1.0423,12,50.0000,False,True,True,True,False,4H
2021-09,448847.5400,1.3831,-1.5002,-0.8000,4,50.0000,False,True,True,False,False,4H
2021-10,463763.5100,3.3232,-0.8000,-0.8000,9,55.5556,True,True,True,True,True,4H
2021-11,468092.6300,0.9335,-2.3183,-1.5936,14,42.8571,False,True,True,True,False,4H
2021-12,488906.2400,4.4465,-1.5936,-1.5936,6,50.0000,True,True,True,False,False,4H
2022-01,513668.4200,5.0648,-2.2338,-0.8000,16,43.7500,True,True,True,True,True,4H
2022-02,545913.2800,6.2774,-1.7139,-0.8000,11,54.5455,True,True,True,True,True,4H
2022-03,555192.1400,1.6997,-3.4166,-0.8000,11,45.4545,False,True,True,True,False,4H
2022-04,567167.6800,2.1570,-2.0559,-1.2660,8,50.0000,True,True,True,True,True,4H
2022-05,567167.6800,0.0000,0.0000,0.0000,0,0.0000,False,True,True,False,False,4H
2022-06,568675.4400,0.2658,-0.8000,-0.8000,2,50.0000,False,True,True,False,False,4H
2022-07,568675.4400,0.0000,0.0000,0.0000,0,0.0000,False,True,True,False,False,4H
2022-08,596851.5700,4.9547,-1.5936,-0.8000,10,60.0000,True,True,True,True,True,4H
2022-09,596851.5700,0.0000,0.0000,0.0000,0,0.0000,False,True,True,False,False,4H
2022-10,577980.2900,-3.1618,-3.1618,-0.8000,4,0.0000,False,True,True,False,False,4H
2022-11,643076.1100,11.2626,-2.3809,-0.8000,16,62.5000,True,True,True,True,True,4H
2022-12,627699.1700,-2.3912,-5.1872,-1.5936,17,29.4118,False,True,True,True,False,4H
2023-01,624359.2400,-0.5321,-2.9017,-1.5936,18,38.8889,False,True,True,True,False,4H
2023-02,619516.3200,-0.7757,-0.8000,-0.8000,2,50.0000,False,True,True,False,False,4H
2023-03,661329.0500,6.7493,-1.1582,-0.8000,12,58.3333,True,True,True,True,True,4H
2023-04,658307.3900,-0.4569,-3.9126,-1.2587,14,42.8571,False,True,True,True,False,4H
2023-05,682908.5600,3.7370,-1.1761,-0.8000,9,55.5556,True,True,True,True,True,4H
2023-06,682908.5600,0.0000,0.0000,0.0000,0,0.0000,False,True,True,False,False,4H
2023-07,690975.9600,1.1813,-3.5117,-0.8000,11,45.4545,False,True,True,True,False,4H
2023-08,730665.4500,5.7440,0.0000,0.0000,2,100.0000,True,True,True,False,False,4H
2023-09,726156.5400,-0.6171,-2.3809,-0.8000,7,28.5714,False,True,True,True,False,4H
2023-10,779888.4600,7.3995,-0.9822,-0.8000,10,60.0000,True,True,True,True,True,4H
2023-11,823040.2800,5.5331,-1.5936,-0.8000,12,58.3333,True,True,True,True,True,4H
2023-12,842834.4900,2.4050,-1.6390,-1.5936,14,57.1429,True,True,True,True,True,4H
2024-01,873417.1300,3.6285,-0.7493,-0.5693,5,60.0000,True,True,True,False,False,4H
2024-02,938281.7100,7.4265,-1.5936,-1.5936,9,77.7778,True,True,True,True,True,4H
2024-03,907055.3400,-3.3280,-4.0411,-0.8000,11,36.3636,False,True,True,True,False,4H
2024-04,986007.7400,8.7043,-2.2859,-0.8000,19,52.6316,True,True,True,True,True,4H
2024-05,952897.9200,-3.3580,-3.3580,-1.5936,8,25.0000,False,True,True,True,False,4H
2024-06,971955.8800,2.0000,0.0000,0.0000,1,100.0000,True,True,True,False,False,4H
2024-07,1004219.9300,3.3195,-1.8207,-1.0289,13,46.1538,True,True,True,True,True,4H
2024-08,1079643.5300,7.5107,-1.5936,-0.8000,12,66.6667,True,True,True,True,True,4H
2024-09,1142658.5800,5.8367,-0.8000,-0.8000,14,57.1429,True,True,True,True,True,4H
2024-10,1132930.5300,-0.8514,-2.3809,-1.5936,17,58.8235,False,True,True,True,False,4H
2024-11,1132277.8200,-0.0576,-0.8000,-0.1268,2,50.0000,False,True,True,False,False,4H
2024-12,1133378.9500,0.0972,0.0000,0.0000,1,100.0000,False,True,True,False,False,4H
2025-01,1103461.4100,-2.6397,-3.9679,-1.5936,14,21.4286,False,True,True,True,False,4H
2025-02,1101575.2100,-0.1709,-1.6710,-0.8000,14,42.8571,False,True,True,True,False,4H
2025-03,1196108.4400,8.5816,-0.8000,-0.8000,14,71.4286,True,True,True,True,True,4H
2025-04,1208024.9500,0.9963,-1.4135,-0.8000,14,42.8571,False,True,True,True,False,4H
2025-05,1219685.1000,0.9652,-1.6108,-0.8000,10,50.0000,False,True,True,True,False,4H
2025-06,1375223.0300,12.7523,-0.8000,-0.8000,12,75.0000,True,True,True,True,True,4H
2025-07,1399102.2000,1.7364,-1.5936,-0.8000,11,54.5455,False,True,True,True,False,4H
2025-08,1403562.1800,0.3188,-3.9365,-0.8000,10,30.0000,False,True,True,True,False,4H
2025-09,1515884.0700,8.0026,-1.1049,-0.8000,10,60.0000,True,True,True,True,True,4H
2025-10,1678979.0500,10.7591,-1.5936,-0.8000,11,72.7273,True,True,True,True,True,4H
2025-11,1732791.2000,3.2051,-1.7474,-0.8000,11,63.6364,True,True,True,True,True,4H
2025-12,1866201.7900,7.6992,-1.5936,-0.8000,20,50.0000,True,True,True,True,True,4H
2026-01,2116936.1000,13.4355,-0.8000,-0.8000,13,84.6154,True,True,True,True,True,4H
2026-02,2287258.7300,8.0457,0.0000,0.0000,10,100.0000,True,True,True,True,True,4H
2026-03,2392391.3100,4.5964,-0.8000,-0.8000,8,62.5000,True,True,True,True,True,4H
2026-04,2402118.9100,0.4066,-0.8000,-0.8000,2,50.0000,False,True,True,False,False,4H
2026-05,2402118.9100,0.0000,0.0000,0.0000,0,0.0000,False,True,True,False,False,4H
