version,timeframe,total_trades,win_rate_pct,profit_factor,sharpe_ratio,max_drawdown_pct,total_return_pct,avg_monthly_ret_pct,worst_month_ret_pct,months_profitable,total_months,min_trades_month,avg_trades_month,max_daily_loss_pct,avg_win_usd,avg_loss_usd,avg_rr,final_balance,obj_monthly_ok,obj_drawdown_ok,obj_trades_ok,obj_daily_ok,obj_sharpe_ok,all_objectives_ok
V1_Original,M15,44,15.91,0.472,-1.006,11.43,-9.4,-0.32,-1.99,5,29,0,1.5,1.0,1201.85,-481.56,2.5,90595.39,False,False,False,True,False,False
V1_Original,M30,44,15.91,0.472,-1.006,11.43,-9.4,-0.32,-1.99,5,29,0,1.5,1.0,1201.85,-481.56,2.5,90595.39,False,False,False,True,False,False
V1_Original,1H,44,15.91,0.472,-1.006,11.43,-9.4,-0.32,-1.99,5,29,0,1.5,1.0,1201.85,-481.56,2.5,90595.39,False,False,False,True,False,False
V1_Original,2H,29,48.28,2.623,1.53,1.99,12.57,0.43,-1.04,13,29,0,1.0,1.06,1451.05,-516.36,2.81,112569.32,False,True,False,True,True,False
V1_Original,3H,25,48.0,2.572,1.177,1.99,10.56,0.36,-1.06,10,29,0,0.9,0.54,1439.43,-516.6,2.79,110557.38,False,True,False,True,True,False
V1_Original,4H,29,44.83,1.792,0.818,2.48,6.48,0.22,-1.56,9,29,0,1.0,1.05,1127.61,-511.39,2.21,106476.77,False,True,False,True,True,False
V2_Optuna,M15,106,13.21,0.354,-2.267,26.45,-26.08,-0.9,-3.43,5,29,0,3.7,1.0,1020.55,-438.77,2.33,73920.65,False,False,False,True,False,False
V2_Optuna,M30,106,13.21,0.354,-2.267,26.45,-26.08,-0.9,-3.43,5,29,0,3.7,1.0,1020.55,-438.77,2.33,73920.65,False,False,False,True,False,False
V2_Optuna,1H,106,13.21,0.354,-2.267,26.45,-26.08,-0.9,-3.43,5,29,0,3.7,1.0,1020.55,-438.77,2.33,73920.65,False,False,False,True,False,False
V2_Optuna,2H,66,22.73,0.861,-0.351,7.02,-3.46,-0.12,-2.99,10,29,0,2.3,1.01,1428.2,-487.95,2.93,96537.71,False,True,False,True,False,False
V2_Optuna,3H,44,38.64,1.473,0.653,3.25,6.76,0.23,-1.51,12,29,0,1.5,0.55,1238.07,-529.03,2.34,106763.34,False,True,False,True,True,False
V2_Optuna,4H,41,39.02,1.687,0.911,5.36,8.94,0.31,-1.49,13,29,0,1.4,0.55,1371.4,-520.28,2.64,108935.29,False,True,False,True,True,False
V3_EA_Final,M15,68,17.65,0.591,-1.039,12.05,-11.04,-0.38,-3.3,7,29,0,2.3,1.0,1331.14,-482.35,2.76,88962.02,False,False,False,True,False,False
V3_EA_Final,M30,68,17.65,0.591,-1.039,12.05,-11.04,-0.38,-3.3,7,29,0,2.3,1.0,1331.14,-482.35,2.76,88962.02,False,False,False,True,False,False
V3_EA_Final,1H,68,17.65,0.591,-1.039,12.05,-11.04,-0.38,-3.3,7,29,0,2.3,1.0,1331.14,-482.35,2.76,88962.02,False,False,False,True,False,False
V3_EA_Final,2H,44,31.82,1.443,0.607,4.41,6.88,0.24,-1.99,11,29,0,1.5,1.07,1599.66,-517.34,3.09,106875.16,False,True,False,True,True,False
V3_EA_Final,3H,35,42.86,2.057,1.248,2.48,10.98,0.38,-1.0,12,29,0,1.2,0.56,1424.67,-519.52,2.74,110979.64,False,True,False,True,True,False
V3_EA_Final,4H,22,45.45,2.53,1.033,2.48,9.67,0.33,-1.0,8,29,0,0.8,0.56,1599.05,-526.67,3.04,109670.42,False,True,False,True,True,False
V4_AsianBreakout,M15,14,7.14,0.057,-2.2,5.96,-5.96,-0.24,-1.42,0,25,0,0.6,0.97,360.26,-485.96,0.74,94042.81,False,True,False,True,False,False
V4_AsianBreakout,M30,14,7.14,0.057,-2.2,5.96,-5.96,-0.24,-1.42,0,25,0,0.6,0.97,360.26,-485.96,0.74,94042.81,False,True,False,True,False,False
V4_AsianBreakout,1H,14,7.14,0.057,-2.2,5.96,-5.96,-0.24,-1.42,0,25,0,0.6,0.97,360.26,-485.96,0.74,94042.81,False,True,False,True,False,False
V4_AsianBreakout,2H,10,10.0,0.249,-1.527,3.34,-3.34,-0.17,-0.98,1,20,0,0.5,0.98,1108.21,-493.76,2.24,96664.33,False,True,False,True,False,False
V4_AsianBreakout,4H,6,16.67,0.449,-0.852,2.48,-1.38,-0.14,-1.0,1,10,0,0.6,1.0,1125.0,-500.59,2.25,98622.03,False,True,False,True,False,False
V5_OB_VolumeProfile,M15,3,33.33,0.396,-1.011,1.49,-0.9,-0.15,-0.75,1,6,0,0.5,0.75,591.03,-747.19,0.79,99096.66,False,True,False,True,False,False
V5_OB_VolumeProfile,M30,3,33.33,0.396,-1.011,1.49,-0.9,-0.15,-0.75,1,6,0,0.5,0.75,591.03,-747.19,0.79,99096.66,False,True,False,True,False,False
V5_OB_VolumeProfile,1H,3,33.33,0.396,-1.011,1.49,-0.9,-0.15,-0.75,1,6,0,0.5,0.75,591.03,-747.19,0.79,99096.66,False,True,False,True,False,False
V5_OB_VolumeProfile,2H,5,40.0,1.475,0.27,0.9,1.08,0.06,-0.77,2,19,0,0.3,0.77,1680.81,-759.63,2.21,101082.74,False,True,False,True,False,False
V7_RelaxedHiFreq,M15,341,26.69,0.462,-3.097,40.79,-40.45,-1.39,-5.63,6,29,3,11.8,1.52,381.54,-300.68,1.27,59549.91,False,False,False,True,False,False
V7_RelaxedHiFreq,M30,341,26.69,0.462,-3.097,40.79,-40.45,-1.39,-5.63,6,29,3,11.8,1.52,381.54,-300.68,1.27,59549.91,False,False,False,True,False,False
V7_RelaxedHiFreq,1H,341,26.69,0.462,-3.097,40.79,-40.45,-1.39,-5.63,6,29,3,11.8,1.52,381.54,-300.68,1.27,59549.91,False,False,False,True,False,False
V7_RelaxedHiFreq,2H,201,32.34,0.735,-0.981,19.31,-12.85,-0.44,-5.41,11,29,2,6.9,1.16,547.04,-355.9,1.54,87154.52,False,False,False,True,False,False
V7_RelaxedHiFreq,3H,152,32.89,0.856,-0.614,8.5,-5.61,-0.19,-2.58,14,29,0,5.2,0.8,668.01,-382.44,1.75,94391.18,False,True,False,True,False,False
V7_RelaxedHiFreq,4H,120,33.33,0.924,-0.206,8.3,-2.34,-0.08,-2.89,15,29,0,4.1,0.8,712.6,-385.58,1.85,97657.72,False,True,False,True,False,False
V9_TrendMomentum,M15,176,21.59,0.546,-1.545,29.8,-24.91,-0.83,-6.74,11,30,1,5.9,1.26,788.07,-397.5,1.98,75092.23,False,False,False,True,False,False
V9_TrendMomentum,M30,176,21.59,0.546,-1.545,29.8,-24.91,-0.83,-6.74,11,30,1,5.9,1.26,788.07,-397.5,1.98,75092.23,False,False,False,True,False,False
V9_TrendMomentum,1H,176,21.59,0.546,-1.545,29.8,-24.91,-0.83,-6.74,11,30,1,5.9,1.26,788.07,-397.5,1.98,75092.23,False,False,False,True,False,False
V9_TrendMomentum,2H,111,27.03,0.749,-0.658,18.24,-8.96,-0.31,-3.45,8,29,0,3.8,0.98,889.3,-439.97,2.02,91041.44,False,False,False,True,False,False
V9_TrendMomentum,3H,87,33.33,1.064,0.145,5.78,1.83,0.06,-1.96,13,29,1,3.0,0.99,1045.87,-491.32,2.13,101833.52,False,True,False,True,False,False
V9_TrendMomentum,4H,72,45.83,1.606,0.664,5.49,11.74,0.42,-1.92,11,28,0,2.6,1.0,942.8,-496.65,1.9,111742.93,False,True,False,True,True,False
